year_month_day,min_temperature,max_temperature,avg_temperature,min_dewpoint,max_dewpoint,avg_dewpoint,min_humidity,max_humidity,min_pressure,max_pressure,avg_pressure,min_visibility,max_visibility,avg_visibility,min_wind_speed,max_wind_speed,avg_wind_speed,fog,rain,thunder,precipitation,num_crimes
2011-01-01,44,71,58,29,72,51,35,100,29.83,30.19,29.98,2,10,10,0,21,8,0,1,0,0.23,5
2011-01-02,34,54,44,18,33,27,24,76,30.2,30.37,30.3,10,10,10,0,14,5,0,0,0,0,1
2011-01-08,38,60,49,23,43,29,24,92,29.79,29.97,29.9,10,10,10,0,15,4,0,0,0,0,2
2011-01-13,21,45,33,12,21,16,28,77,30.49,30.67,30.57,10,10,10,0,14,3,0,0,0,0,1
2011-01-16,44,59,52,40,47,43,47,93,30.01,30.17,30.09,10,10,10,0,9,5,0,1,0,0.04,2
2011-01-19,42,63,53,42,49,45,51,100,29.98,30.12,30.03,5,10,10,0,9,4,0,0,0,0,1
2011-01-20,39,63,51,37,54,46,67,100,29.88,30.08,29.99,9,10,10,0,16,6,0,1,0,1e-16,1
2011-01-22,25,50,38,20,29,24,33,92,30.02,30.14,30.07,10,10,10,0,13,2,0,0,0,0,1
2011-01-25,41,56,49,40,55,50,83,100,29.8,30.07,29.9,2,10,9,0,23,8,0,1,0,0.3,3
2011-01-29,42,69,56,43,54,49,52,100,30.07,30.18,30.1,5,10,10,0,13,4,0,0,0,0,1
2011-02-01,30,70,50,22,68,50,70,100,29.69,30.19,29.86,1,10,8,7,32,12,0,1,0,0.38,4
2011-02-12,25,60,43,20,33,26,21,92,30.4,30.51,30.44,10,10,10,0,9,2,0,0,0,0,1
2011-02-14,41,72,57,41,51,46,41,100,30.19,30.32,30.25,10,10,10,0,13,4,0,0,0,0,2
2011-02-15,42,72,57,42,55,47,40,100,30.15,30.28,30.22,0,10,8,0,13,4,1,0,0,0,2
2011-02-17,52,77,65,52,61,56,47,100,30.08,30.17,30.13,0,10,5,0,22,8,1,0,0,0,1
2011-02-18,48,80,64,48,63,55,48,100,30.13,30.26,30.19,0,10,5,0,13,3,1,0,0,0,1
2011-02-23,56,79,68,56,65,62,64,100,30.02,30.12,30.06,3,10,8,0,16,7,0,0,0,0,1
2011-02-26,50,82,66,48,65,57,43,93,29.91,30.07,30.0,5,10,10,4,18,8,0,0,0,0,3
2011-02-28,58,87,73,40,72,63,33,90,29.81,30.12,29.93,7,10,10,6,22,12,0,1,0,1e-16,1
2011-03-01,46,75,61,32,51,42,22,86,30.13,30.25,30.18,9,10,10,0,13,4,0,0,0,0,4
2011-03-01,46,75,61,32,51,42,22,86,30.13,30.25,30.18,9,10,10,0,13,4,0,0,0,0,4
2011-03-09,55,75,65,42,70,60,56,100,29.83,30.18,29.95,1,10,9,0,22,9,0,1,1,0.87,1
2011-03-12,43,74,59,43,56,50,46,93,30.13,30.26,30.19,10,10,10,0,18,8,0,0,0,0,1
2011-03-16,44,76,60,41,49,45,29,93,30.2,30.31,30.24,10,10,10,0,13,4,0,0,0,0,1
2011-03-17,49,80,65,48,64,57,48,100,30.18,30.29,30.23,6,10,9,0,17,6,0,0,0,0,2
2011-03-20,53,81,67,52,63,56,36,100,30.18,30.27,30.22,0,10,8,0,15,4,1,0,0,0,1
2011-03-22,66,83,75,58,67,64,43,100,29.96,30.16,30.06,8,10,10,5,22,12,0,0,0,0,3
2011-03-23,66,83,75,60,66,65,47,100,29.85,29.96,29.91,5,10,10,7,22,12,0,0,0,0,1
2011-03-24,54,81,68,35,67,51,20,100,29.92,30.05,29.96,8,10,10,0,15,5,0,0,0,0,1
2011-03-26,67,86,77,60,70,68,44,100,29.7,29.83,29.78,10,10,10,0,24,12,0,0,0,0,1
2011-03-27,62,85,74,59,71,67,51,100,29.75,29.84,29.79,8,10,10,0,15,5,0,1,0,1e-16,1
2011-03-28,55,75,65,52,58,55,53,93,29.85,29.97,29.91,10,10,10,0,12,6,0,0,0,0,1
2011-03-30,49,67,58,48,66,59,78,100,29.77,29.9,29.85,2,10,9,0,18,6,0,1,0,0.42,1
2011-03-31,48,64,56,44,50,47,52,100,29.76,29.9,29.84,5,10,9,0,12,4,0,0,0,0,2
2011-04-01,48,81,65,48,63,57,48,100,29.77,29.92,29.85,10,10,10,0,17,6,0,0,0,0,1
2011-04-04,51,84,68,49,73,66,65,93,29.7,30.04,29.82,1,10,9,4,29,15,0,1,0,0.16,1
2011-04-07,53,84,69,54,71,63,54,100,29.88,30.01,29.95,10,10,10,0,18,6,0,0,0,0,2
2011-04-09,68,87,78,64,72,69,46,100,29.99,30.09,30.03,0,10,8,0,17,8,1,0,0,0,1
2011-04-11,64,85,75,61,72,69,65,100,29.85,29.99,29.91,2,10,10,0,26,9,0,1,0,0.1,2
2011-04-14,57,83,70,56,71,64,58,93,29.79,29.97,29.89,10,10,10,0,20,9,0,0,0,1e-16,1
2011-04-15,62,86,74,37,72,67,34,100,29.69,29.89,29.78,10,10,10,0,30,14,0,1,0,1e-16,2
2011-04-16,50,75,63,26,48,37,24,89,29.91,30.04,29.98,10,10,10,0,22,8,0,0,0,0,1
2011-04-20,71,89,80,64,73,70,47,94,29.9,30.06,29.98,10,10,10,0,18,10,0,0,0,0,1
2011-04-22,70,88,79,60,72,68,44,100,29.94,30.02,29.99,10,10,10,5,22,11,0,0,0,0,1
2011-04-23,63,89,76,60,72,66,43,100,29.96,30.03,29.99,9,10,10,0,23,11,0,0,0,0,1
2011-04-26,65,88,77,63,72,68,54,100,29.57,29.85,29.71,2,10,9,5,49,15,0,1,1,0.72,2
2011-04-27,66,86,76,51,78,71,39,87,29.56,29.94,29.66,5,10,9,7,29,15,0,1,0,0.01,1
2011-05-01,68,89,79,64,72,68,46,97,29.9,29.96,29.93,10,10,10,4,20,10,0,0,0,0,3
2011-05-01,68,89,79,64,72,68,46,97,29.9,29.96,29.93,10,10,10,4,20,10,0,0,0,0,3
2011-05-03,48,77,63,48,74,57,80,100,30.01,30.31,30.18,2,10,10,0,16,6,0,1,0,0.28,1
2011-05-06,50,82,66,50,60,53,34,100,29.97,30.11,30.05,9,10,10,0,12,2,0,0,0,0,1
2011-05-07,54,85,70,54,68,61,45,100,29.92,30.02,29.97,8,10,10,0,16,7,0,0,0,0,1
2011-05-08,70,88,79,65,72,69,50,100,29.87,29.99,29.93,3,10,8,0,16,8,0,0,0,0,1
2011-05-10,66,90,78,65,73,69,46,100,29.86,29.95,29.9,0,10,7,0,17,8,1,0,0,0,2
2011-05-14,57,74,66,51,63,55,53,90,29.8,29.93,29.86,10,10,10,4,15,7,0,0,0,0,1
2011-05-16,54,73,64,46,53,49,41,86,29.86,29.94,29.89,10,10,10,0,20,7,0,0,0,0,1
2011-05-17,46,76,61,45,53,48,36,100,29.79,29.95,29.87,10,10,10,0,15,3,0,0,0,0,1
2011-05-18,51,84,68,50,57,54,37,96,29.8,29.88,29.84,9,10,10,0,15,6,0,0,0,0,1
2011-05-19,58,89,74,57,70,64,43,100,29.87,29.96,29.91,7,10,10,0,18,9,0,0,0,0,1
2011-05-21,74,93,84,65,75,72,44,100,29.91,30.01,29.96,5,10,9,0,18,8,0,0,0,0,1
2011-05-24,72,92,82,68,75,72,47,100,29.84,29.95,29.9,5,10,10,0,22,11,0,0,0,0,1
2011-05-25,75,92,84,68,75,73,47,100,29.8,29.89,29.85,10,10,10,6,25,15,0,0,0,0,1
2011-05-27,62,92,77,60,72,63,36,93,29.82,29.94,29.88,10,10,10,0,14,6,0,0,0,0,1
2011-05-28,68,94,81,62,73,70,38,100,29.82,29.89,29.85,5,10,9,0,17,9,0,0,0,0,2
2011-05-29,69,94,82,66,74,70,41,100,29.87,29.99,29.94,10,10,10,4,18,9,0,0,0,0,1
2011-06-01,71,100,86,63,73,69,29,93,30.01,30.2,30.11,10,10,10,0,13,4,0,0,0,0,1
2011-06-02,74,103,89,59,73,69,26,87,29.93,30.04,29.99,10,10,10,0,20,8,0,0,0,0,3
2011-06-04,73,100,87,64,75,70,33,94,30.01,30.14,30.06,4,10,10,0,17,4,0,1,1,0.12,1
2011-06-06,69,97,83,68,73,71,40,100,29.88,29.97,29.93,2,10,8,0,24,4,0,1,1,0.43,3
2011-06-14,74,95,85,67,75,72,41,94,29.88,29.99,29.93,10,10,10,0,16,7,0,0,0,0,2
2011-06-16,77,96,87,71,77,75,45,97,29.83,29.93,29.89,10,10,10,4,18,9,0,0,0,0,1
2011-06-17,78,96,87,67,79,74,40,97,29.89,29.96,29.92,10,10,10,0,17,11,0,0,0,0,1
2011-06-18,79,96,88,72,79,76,49,97,29.92,30.01,29.96,10,10,10,6,20,11,0,0,0,0,2
2011-06-19,79,96,88,69,77,74,43,91,29.88,29.97,29.93,10,10,10,7,18,11,0,0,0,0,1
2011-06-23,74,84,79,71,79,75,79,100,29.91,29.98,29.94,10,10,10,0,13,3,0,1,0,0.02,2
2011-06-25,72,92,82,70,76,73,49,100,29.88,29.94,29.91,10,10,10,0,17,6,0,0,0,0,1
2011-06-26,74,94,84,74,77,76,63,100,29.93,29.99,29.95,10,10,10,0,9,3,0,0,0,0,1
2011-06-29,73,94,84,71,77,73,52,93,29.93,30.06,29.99,2,10,9,0,9,4,0,1,1,0.15,1
2011-07-01,75,98,87,66,76,74,38,100,29.93,30.01,29.97,10,10,10,0,12,5,0,0,0,0,2
2011-08-01,75,93,84,75,84,78,70,100,29.91,30.01,29.97,1,10,7,0,18,3,0,1,1,1.6,2
2011-08-04,79,96,88,75,81,79,51,100,29.85,29.95,29.9,10,10,10,0,13,4,0,0,0,0,2
2011-08-06,76,96,86,74,81,77,52,100,29.89,29.98,29.94,8,10,10,0,8,2,0,0,0,0,1
2011-08-13,78,95,87,72,80,76,49,100,29.88,29.98,29.94,10,10,10,0,13,5,0,1,1,1e-16,1
2011-08-14,76,96,86,68,79,77,58,97,29.87,29.96,29.91,1,10,9,0,17,5,0,1,1,0.32,1
2011-08-15,74,96,85,68,77,74,43,100,29.86,29.96,29.91,7,10,10,0,10,3,0,0,0,0,1
2011-08-17,77,97,87,70,78,74,42,94,29.93,30.08,30.0,9,10,10,0,14,3,0,0,0,0,1
2011-08-24,73,96,85,71,76,74,49,100,29.84,29.95,29.9,5,10,9,0,9,2,0,1,0,1e-16,1
2011-08-25,75,94,85,71,78,74,52,94,29.84,29.95,29.89,9,10,10,0,10,3,0,0,0,0,1
2011-08-27,75,98,87,57,75,67,27,94,29.75,29.89,29.82,8,10,10,0,15,4,0,0,0,0,1
2011-08-31,73,98,86,64,74,70,35,94,29.9,30.0,29.95,1,10,6,0,16,4,0,0,0,0,1
2011-09-01,76,93,85,73,77,75,56,100,29.93,29.99,29.95,6,10,10,0,23,10,0,0,0,1e-16,2
2011-09-02,74,84,79,73,76,74,79,100,29.75,29.91,29.85,5,10,9,6,22,12,0,1,0,0.35,1
2011-09-09,55,86,71,48,63,56,32,100,29.94,30.03,29.98,10,10,10,0,13,2,0,0,0,0,1
2011-09-11,62,89,76,60,69,64,40,100,30.04,30.14,30.08,6,10,9,0,10,3,0,0,0,0,1
2011-09-12,64,91,78,63,70,66,41,100,30.02,30.17,30.09,4,10,9,0,15,4,0,0,0,0,1
2011-09-17,62,87,75,60,70,64,48,93,30.04,30.14,30.09,10,10,10,0,12,4,0,0,0,0,1
2011-09-18,69,88,79,69,76,72,61,100,30.02,30.11,30.06,0,10,7,0,21,4,1,1,0,0.66,2
2011-09-21,64,89,77,65,72,68,44,100,29.96,30.04,29.99,7,10,10,0,9,2,0,0,0,0,1
2011-09-26,72,92,82,70,75,72,49,100,29.83,29.91,29.87,9,10,10,0,17,8,0,0,0,0,1
2011-09-27,72,93,83,70,76,73,49,100,29.86,29.97,29.91,9,10,10,0,15,8,0,0,0,0,1
2011-10-01,49,80,65,42,54,47,28,93,30.06,30.18,30.11,10,10,10,0,14,4,0,0,0,0,3
2011-10-01,49,80,65,42,54,47,28,93,30.06,30.18,30.11,10,10,10,0,14,4,0,0,0,0,3
2011-10-02,47,76,62,43,53,47,33,93,30.14,30.23,30.17,10,10,10,0,12,3,0,0,0,0,1
2011-10-05,52,84,68,50,59,52,31,100,30.08,30.19,30.14,10,10,10,0,12,5,0,0,0,0,1
2011-10-07,61,86,74,60,65,63,48,100,30.11,30.19,30.14,8,10,10,0,18,8,0,0,0,0,1
2011-10-11,61,83,72,61,65,64,51,100,29.83,29.93,29.88,6,10,10,0,12,3,0,0,0,0,1
2011-10-12,59,86,73,58,69,63,51,100,29.76,29.88,29.83,2,10,8,0,20,4,0,1,0,0.02,1
2011-10-14,52,85,69,49,59,54,29,100,29.88,30.03,29.96,7,10,10,0,10,2,0,0,0,0,2
2011-10-15,53,86,70,50,61,55,31,100,30.03,30.12,30.07,10,10,10,0,9,2,0,0,0,0,1
2011-10-19,41,65,53,29,45,38,28,93,29.87,30.04,29.92,10,10,10,0,23,7,0,0,0,0,2
2011-10-22,48,78,63,40,56,47,31,93,30.07,30.2,30.13,10,10,10,0,9,2,0,0,0,0,1
2011-10-24,52,82,67,53,66,61,37,100,30.1,30.21,30.16,1,10,8,0,10,2,1,1,0,0.04,1
2011-10-27,57,85,71,50,66,58,31,100,29.85,29.95,29.9,2,10,8,0,9,1,1,0,0,0,1
2011-10-28,48,63,56,43,62,54,71,100,29.9,30.17,30.02,2,10,9,0,14,7,0,1,0,0.33,2
2011-11-01,42,75,59,35,55,45,25,100,30.16,30.24,30.2,9,10,10,0,14,5,0,0,0,0,4
2011-11-05,39,71,55,39,56,49,49,100,30.07,30.18,30.12,7,10,9,0,12,5,0,0,0,0,1
2011-11-06,54,78,66,51,63,58,60,100,30.09,30.2,30.16,8,10,10,5,18,10,0,0,0,0,1
2011-11-08,63,80,72,63,68,65,62,100,29.98,30.08,30.03,2,10,9,4,18,7,0,1,0,1e-16,1
2011-11-11,33,66,50,28,39,33,26,100,30.21,30.32,30.26,9,10,10,0,13,2,0,0,0,0,1
2011-11-13,57,82,70,55,63,58,42,93,29.97,30.09,30.04,10,10,10,4,26,9,0,0,0,0,2
2011-11-15,69,85,77,65,73,69,51,100,29.79,29.91,29.85,0,10,6,0,20,10,1,1,1,3.06,1
2011-11-17,39,65,52,28,55,37,26,93,30.1,30.35,30.26,10,10,10,0,14,6,0,0,0,0,1
2011-11-18,35,65,50,29,51,39,38,100,30.14,30.33,30.25,4,10,10,0,15,5,0,0,0,0,2
2011-11-21,63,80,72,63,70,67,62,100,30.02,30.23,30.14,0,10,6,0,12,4,1,0,0,1e-16,2
2011-11-24,46,69,58,44,50,47,40,100,30.24,30.33,30.28,7,10,10,0,13,4,0,0,0,0,1
2011-11-26,60,77,69,59,72,66,87,100,29.88,30.05,29.96,2,10,7,0,24,7,0,1,0,1.16,1
2011-11-29,33,60,47,29,38,33,31,100,30.01,30.15,30.07,10,10,10,0,15,6,0,0,0,0,1
2011-12-05,48,78,63,47,68,64,60,100,29.91,30.07,29.97,1,10,7,0,21,10,0,1,0,0.15,1
2011-12-15,65,80,73,64,68,67,67,100,30.06,30.16,30.11,3,10,8,0,16,7,0,1,0,0.02,1
2011-12-16,52,74,63,50,68,61,79,100,30.11,30.31,30.2,1,10,7,0,14,5,0,1,0,0.02,1
2011-12-17,40,64,52,31,49,42,30,100,30.3,30.43,30.36,4,10,9,0,10,4,0,0,0,0,2
2011-12-18,33,64,49,30,40,34,30,100,30.26,30.45,30.35,8,10,10,0,12,2,0,0,0,0,1
2011-12-20,56,77,67,54,68,63,64,100,29.88,30.01,29.94,0,10,7,4,21,8,1,1,1,0.75,2
2011-12-23,47,54,51,43,50,47,77,96,30.17,30.34,30.26,10,10,10,0,14,7,0,0,0,0,2
2011-12-26,46,59,53,43,59,54,86,100,29.99,30.19,30.08,1,10,6,0,24,7,0,1,0,0.89,1
2011-12-29,38,69,54,39,52,46,47,100,29.96,30.11,30.04,5,10,9,0,14,4,0,0,0,0,1
2011-12-31,51,71,61,51,66,59,81,100,30.06,30.17,30.1,0,10,5,0,12,5,1,1,0,0.02,1
2012-01-01,49,70,60,30,67,52,31,100,30.13,30.43,30.26,4,10,9,5,15,8,0,0,0,0.02,7
2012-01-02,41,59,50,13,32,23,17,58,30.43,30.58,30.49,10,10,10,4,15,6,0,0,0,0,1
2012-01-06,46,74,60,46,60,51,53,100,30.05,30.18,30.13,0,10,4,0,20,6,1,0,0,0,2
2012-01-16,50,74,62,46,61,56,61,89,30.15,30.33,30.24,10,10,10,4,23,11,0,0,0,0,1
2012-01-17,56,73,65,43,68,64,84,93,30.02,30.15,30.08,1,10,8,0,22,10,0,1,0,0.81,1
2012-01-18,40,63,52,31,41,36,30,89,30.1,30.28,30.19,10,10,10,0,15,4,0,0,0,0,1
2012-01-20,67,79,73,64,67,66,67,100,29.92,30.0,29.95,9,10,10,10,26,16,0,0,0,0,2
2012-01-29,36,64,50,17,36,27,17,79,30.38,30.48,30.42,10,10,10,0,12,3,0,0,0,0,4
2012-02-01,60,68,64,61,67,63,93,100,30.07,30.17,30.13,0,10,8,0,20,5,0,1,1,1.76,1
2012-02-03,64,77,71,61,67,64,64,100,30.06,30.14,30.1,9,10,10,6,21,10,0,1,0,0.01,2
2012-02-09,42,61,52,36,45,38,42,82,30.19,30.34,30.26,10,10,10,0,15,5,0,1,0,0.03,1
2012-02-13,39,59,49,22,55,41,43,100,29.89,30.33,30.06,2,10,8,0,22,9,0,1,0,0.45,1
2012-02-16,59,71,65,53,68,61,66,100,30.01,30.16,30.08,4,10,10,4,14,6,0,0,0,1e-16,1
2012-02-17,54,74,64,48,59,53,53,89,29.99,30.13,30.06,10,10,10,0,13,5,0,1,0,0.02,2
2012-02-19,42,60,51,42,56,47,57,100,29.76,30.14,29.94,4,10,9,0,20,8,0,1,0,0.01,1
2012-02-21,49,75,62,48,58,53,49,93,30.04,30.21,30.13,9,10,10,0,12,4,0,0,0,0,1
2012-02-22,58,80,69,57,66,62,60,100,29.73,30.02,29.87,3,10,9,0,25,10,0,0,0,0,2
2012-02-25,46,62,54,18,37,26,19,54,30.27,30.41,30.32,10,10,10,0,14,5,0,0,0,0,1
2012-02-28,60,80,70,59,70,64,62,100,30.09,30.23,30.17,0,10,6,4,20,9,1,1,0,0.06,1
2012-02-29,69,81,75,62,68,67,58,97,29.98,30.11,30.05,9,10,10,7,18,12,0,0,0,0,1
2012-03-01,70,83,77,64,70,67,58,100,29.83,30.01,29.93,7,10,9,4,22,12,0,1,0,1e-16,3
2012-04-01,66,86,76,63,70,68,48,100,29.82,29.93,29.88,0,10,7,0,15,7,1,0,0,0,4
2012-04-03,61,87,74,60,72,65,48,100,29.84,29.94,29.88,10,10,10,0,20,7,0,0,0,0.04,1
2012-04-04,63,78,71,61,67,64,64,100,29.77,29.96,29.85,1,10,8,0,23,7,0,1,1,1.57,2
2012-04-06,54,80,67,51,58,56,45,93,29.88,30.06,29.96,10,10,10,0,12,3,0,0,0,0,1
2012-04-08,58,83,71,55,63,59,40,100,30.14,30.26,30.2,8,10,10,0,8,1,0,0,0,0,1
2012-04-10,59,84,72,57,66,60,43,97,30.04,30.14,30.09,9,10,10,0,10,2,0,1,0,1e-16,1
2012-04-14,60,85,73,57,66,61,45,97,30.01,30.11,30.06,3,10,10,0,20,9,0,0,0,0,1
2012-04-15,68,85,77,64,70,67,51,93,29.94,30.01,29.98,6,10,9,5,25,13,0,0,0,0,2
2012-04-16,68,84,76,64,71,68,67,100,29.99,30.14,30.08,3,10,9,0,17,4,0,1,0,0.16,1
2012-04-20,54,81,68,53,63,57,42,100,29.75,29.92,29.84,7,10,10,0,14,4,0,0,0,0,1
2012-04-21,52,69,61,48,63,57,67,90,29.71,29.93,29.79,8,10,10,0,15,6,0,1,0,0.04,1
2012-04-22,50,79,65,41,52,48,35,89,29.88,30.02,29.94,10,10,10,0,18,6,0,0,0,0,3
2012-04-23,48,70,59,38,46,42,31,80,30.03,30.14,30.08,10,10,10,0,16,5,0,0,0,0,1
2012-04-24,44,78,61,40,50,45,29,93,29.99,30.13,30.06,8,10,10,0,18,7,0,0,0,0,1
2012-04-25,56,84,70,50,65,58,43,86,29.96,30.04,30.0,7,10,10,0,20,11,0,0,0,0,1
2012-04-30,66,89,78,63,72,68,45,100,30.01,30.13,30.07,0,10,6,0,12,5,1,0,0,0,1
2012-05-01,63,88,76,59,70,66,43,100,29.94,30.07,30.01,0,10,8,0,16,7,1,0,0,0,3
2012-05-01,63,88,76,59,70,66,43,100,29.94,30.07,30.01,0,10,8,0,16,7,1,0,0,0,3
2012-05-05,72,90,81,68,72,71,50,100,29.89,30.01,29.96,6,10,9,0,16,4,0,1,0,1e-16,1
2012-05-06,69,92,81,66,72,69,50,97,29.86,29.99,29.93,6,10,9,0,17,3,0,1,1,1e-16,1
2012-05-07,66,90,78,66,70,68,50,100,29.83,29.94,29.89,2,10,8,0,23,4,0,1,0,1.3,2
2012-05-12,67,80,74,66,72,68,74,100,29.98,30.05,30.02,2,10,9,0,16,7,0,1,0,0.23,3
2012-05-14,61,83,72,57,65,61,43,100,29.95,30.07,30.01,5,10,9,0,13,3,0,0,0,0,1
2012-05-15,61,86,74,56,65,60,37,97,29.95,30.04,29.99,7,10,10,0,9,1,0,0,0,0,1
2012-05-17,62,89,76,52,65,61,30,100,29.92,30.01,29.97,3,10,9,0,10,1,0,0,0,0,1
2012-05-18,64,90,77,54,66,61,31,93,29.91,30.0,29.96,2,10,9,0,10,2,0,0,0,0,1
2012-05-25,67,91,79,66,71,68,47,100,29.89,30.06,30.0,7,10,10,0,15,6,0,0,0,0,1
2012-05-29,72,92,82,64,71,68,41,93,29.84,29.94,29.9,10,10,10,4,15,8,0,0,0,0,1
2012-05-30,74,94,84,66,75,72,41,100,29.78,29.93,29.87,10,10,10,0,18,9,0,0,0,0,1
2012-06-01,65,86,76,51,68,61,32,97,29.83,29.95,29.9,10,10,10,4,14,6,0,0,0,0,3
2012-06-03,70,93,82,66,73,69,41,93,29.92,30.03,29.97,8,10,10,0,16,7,0,0,0,0,1
2012-06-06,71,96,84,66,75,72,49,94,29.75,29.87,29.8,0,10,8,0,24,5,1,1,1,0.41,1
2012-06-08,72,88,80,70,75,72,61,97,29.84,29.93,29.89,5,10,9,0,14,6,0,1,1,0.19,1
2012-06-15,69,89,79,67,71,69,52,97,29.99,30.06,30.03,10,10,10,0,22,5,0,0,1,0,1
2012-06-17,69,87,78,65,73,69,57,90,29.92,30.05,30.0,10,10,10,0,16,7,0,0,0,1e-16,1
2012-06-19,72,89,81,68,73,70,50,93,29.97,30.05,30.01,9,10,10,4,17,9,0,0,0,0,1
2012-06-21,73,91,82,65,71,68,44,97,29.9,30.02,29.96,10,10,10,0,12,3,0,0,0,0,1
2012-06-25,77,101,89,62,72,67,29,67,29.66,29.81,29.74,10,10,10,0,14,4,0,0,0,0,1
2012-06-28,76,97,87,69,78,74,42,91,29.99,30.08,30.03,9,10,10,0,10,5,0,0,0,0,1
2012-06-30,76,94,85,61,74,71,33,94,29.9,29.97,29.94,7,10,10,0,13,5,0,0,0,0,1
2012-07-01,76,95,86,71,76,73,49,94,29.96,30.06,30.02,10,10,10,0,15,4,0,0,0,0,4
2012-07-01,76,95,86,71,76,73,49,94,29.96,30.06,30.02,10,10,10,0,15,4,0,0,0,0,4
2012-07-03,75,96,86,68,73,71,42,94,29.95,30.08,30.03,6,10,10,0,18,4,0,0,0,0,1
2012-07-04,75,95,85,70,79,73,49,88,29.98,30.08,30.02,2,10,9,0,23,5,0,1,1,0.35,1
2012-07-08,73,87,80,71,75,73,70,100,29.99,30.09,30.05,0,10,7,0,15,2,1,1,0,1.08,1
2012-07-15,75,87,81,73,77,75,70,94,29.99,30.07,30.04,1,10,8,0,22,2,0,1,1,0.74,1
2012-07-16,74,92,83,71,77,74,56,100,29.97,30.07,30.03,2,10,8,0,18,3,0,1,1,1e-16,1
2012-07-17,74,94,84,71,76,73,49,100,29.91,30.04,29.99,10,10,10,0,8,1,0,0,0,0,1
2012-07-21,73,84,79,71,75,73,69,94,29.96,30.06,30.0,7,10,10,0,14,4,0,1,0,0.01,2
2012-07-22,74,90,82,72,76,74,56,100,30.01,30.12,30.05,6,10,9,0,16,6,0,0,0,0,2
2012-07-27,77,91,84,73,79,76,63,97,30.0,30.07,30.03,10,10,10,0,22,6,0,0,1,0,1
2012-07-31,78,94,86,73,78,75,52,91,29.94,30.03,29.98,10,10,10,4,14,7,0,0,0,0,2
2012-08-01,80,95,88,74,79,76,52,91,29.9,30.02,29.96,10,10,10,0,12,6,0,0,0,0,1
2012-08-03,78,96,87,72,79,76,49,97,29.89,29.98,29.94,2,10,10,0,18,6,0,1,1,0.27,1
2012-08-04,77,93,85,72,79,75,56,97,29.91,30.05,30.0,8,10,10,0,7,3,0,0,1,1e-16,2
2012-08-05,74,93,84,72,79,74,56,94,30.03,30.12,30.07,0,10,9,0,16,2,1,1,1,0.61,1
2012-08-08,75,92,84,73,77,75,56,100,29.93,30.03,29.98,5,10,9,0,18,4,0,1,0,0.02,1
2012-08-09,74,89,82,70,79,74,72,94,29.88,29.99,29.94,1,10,9,0,22,5,0,1,1,0.46,1
2012-08-10,75,89,82,73,79,76,68,100,29.82,29.94,29.89,9,10,10,0,22,9,0,1,1,0.01,1
2012-08-11,75,91,83,71,77,75,59,97,29.86,29.98,29.92,4,10,9,0,20,2,0,1,0,0.07,1
2012-08-16,77,93,85,69,77,75,52,97,29.94,30.06,30.01,10,10,10,0,16,5,0,0,0,0,1
2012-08-21,69,87,78,68,73,71,59,100,29.9,30.04,29.98,8,10,10,0,12,4,0,0,0,0,1
2012-08-23,68,90,79,67,72,69,50,100,30.01,30.09,30.05,4,10,9,0,14,5,0,0,0,0,1
2012-08-28,77,89,83,67,74,71,63,76,29.54,29.82,29.7,10,10,10,4,26,12,0,1,0,1e-16,1
2012-09-09,62,84,73,56,64,59,40,90,29.96,30.07,30.02,10,10,10,0,13,4,0,0,0,0,1
2012-09-13,71,90,81,68,73,71,52,100,30.06,30.15,30.11,8,10,10,0,16,6,0,0,0,0,1
2012-09-14,69,89,79,65,72,68,44,97,30.07,30.16,30.12,5,10,9,0,14,4,0,0,0,0,3
2012-09-15,66,89,78,62,70,66,43,100,30.03,30.14,30.09,10,10,10,0,9,2,0,0,0,0,1
2012-09-30,64,82,73,63,76,73,79,100,29.53,29.83,29.66,1,10,8,4,30,9,0,1,0,2.3,2
2012-10-01,60,68,64,58,63,60,78,100,29.57,29.79,29.67,4,10,8,0,16,7,0,1,0,0.01,3
2012-10-01,60,68,64,58,63,60,78,100,29.57,29.79,29.67,4,10,8,0,16,7,0,1,0,0.01,3
2012-10-02,57,80,69,52,62,58,39,100,29.79,29.98,29.88,7,10,10,0,9,3,0,0,0,0,1
2012-10-06,58,83,71,55,69,64,62,100,29.97,30.06,30.02,5,10,9,0,12,4,0,0,0,0,1
2012-10-09,48,77,63,47,58,52,46,100,30.01,30.17,30.09,9,10,10,0,8,2,0,0,0,0,1
2012-10-10,57,85,71,56,67,62,51,97,30.07,30.17,30.12,4,10,9,0,10,2,0,0,0,0,1
2012-10-19,48,79,64,33,51,44,19,96,29.88,29.98,29.93,10,10,10,0,20,4,0,0,0,0,1
2012-10-20,46,82,64,32,54,46,19,93,29.93,30.02,29.97,10,10,10,0,7,1,0,0,0,0,1
2012-10-22,55,83,69,54,66,59,43,100,30.03,30.13,30.07,1,10,7,0,14,6,0,0,0,0,1
2012-10-27,45,61,53,37,46,43,53,86,30.0,30.1,30.06,10,10,10,0,15,7,0,0,0,0,1
2012-10-28,40,65,53,33,38,36,31,85,30.07,30.18,30.11,10,10,10,0,15,5,0,0,0,0,1
2012-10-29,40,64,52,29,35,33,27,79,30.11,30.24,30.17,10,10,10,0,16,5,0,0,0,0,2
2012-11-01,52,80,66,52,58,55,36,100,29.98,30.09,30.03,0,10,7,0,9,2,1,0,0,0,4
2012-11-04,58,72,65,57,66,62,73,100,30.04,30.13,30.09,0,10,8,0,13,3,1,1,1,0.01,1
2012-11-05,53,74,64,52,63,58,64,100,29.91,30.08,30.01,2,10,8,0,15,4,0,0,1,0,1
2012-11-06,46,65,56,45,54,50,52,100,29.98,30.09,30.03,1,10,8,0,14,3,0,0,0,0,2
2012-11-07,43,71,57,32,47,40,26,100,30.03,30.18,30.09,7,10,10,0,13,4,0,0,0,0,1
2012-11-09,40,75,58,39,55,49,38,100,30.15,30.25,30.2,6,10,10,0,13,6,0,0,0,0,1
2012-11-10,50,80,65,50,59,56,45,100,30.12,30.23,30.16,5,10,9,4,20,8,0,0,0,0,1
2012-11-14,38,63,51,27,36,32,25,85,30.25,30.36,30.31,10,10,10,0,13,4,0,0,0,0,1
2012-11-15,36,65,51,32,42,37,34,92,30.21,30.32,30.27,10,10,10,0,9,2,0,0,0,0,1
2012-11-16,42,68,55,37,42,40,32,89,30.23,30.32,30.28,10,10,10,0,12,3,0,0,0,0,1
2012-11-18,37,69,53,35,43,39,30,93,30.25,30.34,30.29,10,10,10,0,12,3,0,0,0,0,1
2012-11-21,44,78,61,40,55,46,27,93,30.14,30.24,30.19,8,10,10,0,13,2,0,0,0,0,1
2012-11-23,46,76,61,43,56,51,49,93,30.18,30.27,30.23,3,10,9,0,9,3,0,0,0,0,1
2012-11-26,48,73,61,45,64,59,68,96,30.03,30.11,30.08,6,10,10,0,20,7,0,1,0,1e-16,1
2012-11-28,38,65,52,28,45,39,27,100,30.32,30.45,30.37,2,10,8,0,10,4,0,0,0,0,1
2012-11-30,44,73,59,44,54,48,49,100,30.18,30.28,30.24,0,10,5,0,8,4,1,0,0,0,3
2012-12-01,46,77,62,46,62,53,47,100,30.16,30.26,30.21,0,10,7,0,12,5,1,0,0,0,4
2012-12-01,46,77,62,46,62,53,47,100,30.16,30.26,30.21,0,10,7,0,12,5,1,0,0,0,4
2012-12-02,56,80,68,56,63,59,48,100,30.16,30.27,30.21,2,10,8,0,13,6,0,1,0,1e-16,1
2012-12-04,62,69,66,62,68,64,93,100,30.12,30.23,30.17,2,10,7,0,15,3,0,1,1,1.05,1
2012-12-05,60,63,62,59,63,60,93,100,30.04,30.15,30.1,1,10,6,0,10,5,0,1,0,0.44,1
2012-12-06,59,69,64,60,63,61,76,100,29.93,30.03,29.98,0,10,8,0,9,2,1,0,0,0,1
2012-12-07,54,75,65,50,63,58,44,100,29.88,29.99,29.94,0,10,5,0,8,2,1,0,0,0,2
2012-12-09,54,79,67,53,70,63,62,100,29.88,29.99,29.93,4,10,9,0,20,7,0,1,0,0.01,2
2012-12-14,32,68,50,32,53,44,52,100,30.08,30.3,30.2,8,10,10,0,14,6,0,0,0,0,1
2012-12-16,61,76,69,59,65,61,69,100,29.81,29.95,29.87,2,10,9,0,20,8,0,1,1,0.56,1
2012-12-18,40,71,56,39,47,43,33,100,29.93,30.03,29.98,10,10,10,0,20,4,0,0,0,0,1
2012-12-20,42,74,58,21,70,45,33,93,29.79,30.32,30.0,2,10,8,6,35,13,0,1,0,0.27,1
2012-12-21,34,58,46,10,32,20,16,82,30.33,30.47,30.39,10,10,10,0,14,5,0,0,0,0,1
2012-12-22,30,64,47,20,37,29,19,92,30.23,30.43,30.34,6,10,9,0,8,2,0,0,0,0,1
2012-12-24,55,78,67,53,65,60,46,100,29.84,29.96,29.9,7,10,10,0,17,7,0,1,0,0.03,2
2012-12-26,37,47,42,29,36,33,64,82,29.84,30.18,30.06,10,10,10,4,22,9,0,0,0,0,1
2012-12-27,34,52,43,30,45,35,59,89,30.01,30.21,30.11,9,10,10,0,13,7,0,0,0,0,1
2012-12-29,36,50,43,25,39,32,39,83,30.05,30.43,30.25,10,10,10,0,16,7,0,0,0,0,1
2012-12-30,28,52,40,24,32,27,35,85,30.33,30.54,30.44,10,10,10,0,14,5,0,0,0,0,1
2012-12-31,38,60,49,30,54,42,59,86,30.02,30.32,30.18,9,10,10,4,18,7,0,0,0,0,1
2013-01-01,48,66,57,46,63,56,86,100,29.91,30.14,30.01,1,10,6,0,15,6,0,1,0,1.46,12
2013-01-02,40,48,44,35,46,40,76,96,30.11,30.27,30.19,10,10,10,4,13,5,0,1,0,0.04,1
2013-01-06,41,53,47,39,46,44,71,100,30.2,30.32,30.25,2,10,7,0,12,5,0,1,0,0.67,1
2013-01-07,37,60,49,35,42,38,40,100,30.17,30.34,30.26,8,10,10,0,16,6,0,0,0,0,2
2013-01-10,63,68,66,62,67,64,93,100,29.98,30.16,30.06,2,10,6,5,25,10,0,1,1,2.4,1
2013-01-11,62,71,67,61,70,65,81,100,29.99,30.09,30.04,2,10,7,0,15,5,0,1,0,0.19,2
2013-01-12,68,78,73,63,70,68,60,100,29.89,30.04,29.96,4,10,9,6,25,12,0,0,0,0,1
2013-01-14,37,46,42,36,45,41,92,100,30.07,30.17,30.12,1,10,6,4,16,8,0,1,0,1.41,2
2013-01-21,38,68,53,37,45,41,37,100,30.15,30.24,30.19,9,10,10,0,12,2,0,0,0,0,3
2013-01-25,55,76,66,53,59,56,50,93,30.13,30.25,30.19,9,10,10,0,18,9,0,0,0,0,1
2013-01-28,56,76,66,56,64,61,64,100,30.1,30.24,30.17,5,10,8,4,16,8,0,0,0,0,1
2013-01-29,64,81,73,64,69,66,62,100,29.75,30.1,29.93,5,10,9,0,28,14,0,1,0,1e-16,1
2013-02-01,41,66,54,32,39,36,30,82,30.3,30.41,30.34,10,10,10,0,9,3,0,0,0,0,2
2013-02-02,38,70,54,37,51,44,37,96,30.18,30.33,30.26,10,10,10,0,14,5,0,0,0,0,1
2013-02-04,42,61,52,36,54,47,60,93,29.95,30.1,30.01,1,10,9,0,10,5,0,1,0,0.09,1
2013-02-05,52,72,62,53,59,57,61,100,29.94,30.04,29.99,0,10,5,0,8,2,1,1,0,1e-16,1
2013-02-09,49,65,57,44,59,51,72,93,30.03,30.22,30.13,8,10,10,7,16,10,0,1,0,0,3
2013-02-20,39,60,50,25,38,31,28,64,30.01,30.25,30.13,10,10,10,5,18,10,0,0,0,0,1
2013-02-27,43,70,57,36,46,40,28,96,29.94,30.07,29.98,10,10,10,0,21,5,0,0,0,0,2
2013-03-01,38,58,48,26,35,31,32,76,30.09,30.18,30.14,10,10,10,0,23,7,0,0,0,0,6
2013-03-01,38,58,48,26,35,31,32,76,30.09,30.18,30.14,10,10,10,0,23,7,0,0,0,0,6
2013-03-05,53,74,64,28,61,49,28,90,29.91,30.23,30.04,10,10,10,4,21,10,0,0,0,0,1
2013-03-07,32,66,49,28,40,32,24,85,30.23,30.37,30.28,10,10,10,0,9,2,0,0,0,0,1
2013-03-09,48,71,60,45,58,53,61,86,29.94,30.16,30.07,5,10,9,0,18,8,0,0,0,0,1
2013-03-10,54,80,67,53,63,58,48,97,29.83,29.96,29.91,2,10,8,0,36,13,0,1,0,0.44,4
2013-03-17,55,80,68,54,65,59,47,100,29.81,29.96,29.9,5,10,9,0,23,9,0,0,0,1e-16,1
2013-03-18,65,82,74,60,67,65,51,93,29.76,29.92,29.83,6,10,9,0,18,11,0,0,0,1e-16,1
2013-03-21,45,67,56,30,44,34,26,65,29.86,30.07,29.97,10,10,10,0,16,7,0,0,0,0,1
2013-03-23,64,70,67,64,67,65,87,100,29.57,29.82,29.73,0,10,4,0,14,6,1,0,0,0.01,1
2013-03-24,44,66,55,28,66,49,29,100,29.62,30.06,29.78,2,10,9,0,23,10,0,1,0,0,1
2013-03-25,35,58,47,17,30,24,22,82,30.07,30.29,30.18,10,10,10,0,22,6,0,0,0,0,1
2013-03-28,36,72,54,31,46,37,24,92,30.23,30.37,30.3,10,10,10,0,10,3,0,0,0,0,3
2013-03-30,50,77,64,50,58,54,43,100,30.03,30.19,30.11,3,10,9,0,20,8,0,1,0,1e-16,1
2013-04-01,52,77,65,50,58,55,39,100,29.96,30.1,30.03,0,10,5,0,12,2,1,0,0,0,5
2013-04-03,51,63,57,48,63,57,84,100,29.85,30.04,29.94,4,10,9,0,31,8,0,1,1,1.22,1
2013-04-06,44,74,59,42,54,48,41,93,30.04,30.14,30.1,10,10,10,0,17,7,0,0,0,0,1
2013-04-07,55,79,67,53,59,56,45,93,29.96,30.09,30.02,10,10,10,4,16,8,0,0,0,0,3
2013-04-11,50,75,63,48,72,60,72,93,29.69,29.86,29.75,2,10,9,0,25,8,0,1,1,0.82,1
2013-04-13,50,79,65,42,57,47,30,89,29.87,30.04,29.95,4,10,10,0,17,6,0,1,1,0.1,1
2013-04-14,56,76,66,55,63,58,64,100,29.74,29.86,29.8,2,10,8,0,22,9,0,1,1,1.8,1
2013-04-17,72,86,79,69,72,70,65,93,29.92,30.07,30.0,8,10,10,6,20,11,0,0,0,0,1
2013-04-18,55,86,71,56,71,68,61,100,29.76,29.91,29.84,4,10,9,8,26,15,0,1,0,0.29,2
2013-04-19,44,62,53,36,55,44,40,93,29.92,30.2,30.06,8,10,10,0,16,6,0,1,0,0.01,3
2013-04-22,50,80,65,48,63,53,35,93,30.0,30.14,30.08,10,10,10,0,13,6,0,0,0,0,1
2013-04-24,55,70,63,52,68,62,78,97,30.0,30.21,30.08,0,10,9,0,16,7,0,1,1,1.31,1
2013-04-27,65,83,74,60,68,65,47,100,30.03,30.18,30.12,1,10,7,0,20,8,0,0,0,1e-16,2
2013-05-01,66,79,73,63,70,66,60,100,29.82,29.91,29.87,2,10,9,0,17,5,0,1,1,0.07,4
2013-05-01,66,79,73,63,70,66,60,100,29.82,29.91,29.87,2,10,9,0,17,5,0,1,1,0.07,4
2013-05-04,40,72,56,37,51,42,29,96,29.87,30.04,29.97,10,10,10,0,29,8,0,0,0,0,2
2013-05-05,47,65,56,38,52,43,40,93,29.9,30.06,29.98,10,10,10,0,17,6,0,0,0,1e-16,1
2013-05-08,56,83,70,55,63,58,40,93,30.03,30.12,30.07,10,10,10,0,13,5,0,0,0,0,1
2013-05-11,61,79,70,62,67,64,67,100,29.94,30.08,30.0,2,10,8,0,10,3,0,1,1,0.59,1
2013-05-13,50,81,66,43,56,48,28,89,30.18,30.3,30.23,10,10,10,0,13,4,0,0,0,0,1
2013-05-14,55,84,70,48,61,54,33,93,30.15,30.28,30.21,10,10,10,0,14,5,0,0,0,0,1
2013-05-18,74,88,81,66,72,69,50,93,29.98,30.06,30.01,9,10,10,6,16,9,0,0,0,0,1
2013-05-19,73,88,81,67,73,70,51,94,29.93,30.01,29.97,5,10,9,4,20,10,0,0,0,0,1
2013-05-20,75,91,83,69,73,71,52,94,29.88,30.0,29.95,8,10,10,7,17,12,0,0,0,0,1
2013-05-21,75,90,83,67,73,72,50,94,29.8,29.96,29.91,9,10,10,4,21,10,0,0,0,0,2
2013-05-25,66,86,76,56,68,62,45,90,30.12,30.23,30.17,10,10,10,0,15,6,0,0,0,0,1
2013-05-27,65,88,77,64,69,66,46,100,30.0,30.13,30.07,10,10,10,0,16,7,0,0,0,0,1
2013-05-28,67,87,77,65,73,68,61,100,29.97,30.06,30.01,9,10,10,4,18,8,0,0,0,0.02,1
2013-05-29,66,86,76,65,73,70,69,97,29.92,30.01,29.97,8,10,10,4,22,9,0,0,1,1e-16,1
2013-05-31,74,89,82,72,76,74,59,100,29.92,30.0,29.96,10,10,10,4,17,8,0,1,0,0.07,2
2013-06-01,73,90,82,69,74,72,55,100,29.88,29.96,29.94,10,10,10,0,15,6,0,0,0,0,3
2013-06-04,72,91,82,70,74,72,52,100,29.84,29.94,29.9,6,10,10,0,12,4,0,0,0,0,1
2013-06-07,70,87,79,66,72,69,51,100,29.8,29.9,29.85,8,10,10,0,12,5,0,1,1,0,2
2013-06-10,72,90,81,71,76,73,59,100,29.96,30.03,30.0,10,10,10,0,14,5,0,1,1,0.04,1
2013-06-11,75,93,84,69,77,74,49,100,30.0,30.09,30.05,4,10,8,0,14,3,0,1,0,1e-16,1
2013-06-14,74,95,85,69,77,74,52,91,29.86,29.96,29.91,9,10,10,0,22,6,0,0,0,0,1
2013-06-16,76,93,85,71,77,74,52,94,29.96,30.05,30.0,7,10,10,0,14,7,0,1,0,0.01,1
2013-06-20,72,90,81,68,75,72,53,100,30.02,30.12,30.06,4,10,9,0,15,4,0,0,0,0,1
2013-06-21,71,93,82,70,75,72,49,100,30.04,30.12,30.08,10,10,10,0,15,3,0,0,0,0,1
2013-06-22,72,92,82,68,75,72,52,94,29.99,30.1,30.05,6,10,9,0,17,5,0,0,1,0,3
2013-06-23,71,92,82,69,75,72,49,100,29.99,30.07,30.04,0,10,8,0,30,4,1,1,1,1.4,1
2013-06-25,73,91,82,65,75,71,44,94,29.99,30.09,30.05,10,10,10,0,13,5,0,0,0,0,1
2013-06-26,72,92,82,69,74,72,49,93,29.95,30.06,30.01,10,10,10,0,18,5,0,0,0,0,2
2013-06-27,75,93,84,72,77,74,52,94,29.92,30.03,29.98,10,10,10,0,10,4,0,0,0,0,1
2013-07-01,68,87,78,62,67,65,48,93,29.81,29.94,29.88,10,10,10,0,8,3,0,0,0,0,2
2013-07-01,68,87,78,62,67,65,48,93,29.81,29.94,29.88,10,10,10,0,8,3,0,0,0,0,2
2013-07-02,67,89,78,63,67,65,46,93,29.92,30.01,29.96,10,10,10,0,12,4,0,0,0,0,1
2013-07-05,71,85,78,69,75,72,69,94,29.96,30.01,29.98,5,10,9,0,20,6,0,0,0,0,2
2013-07-09,72,92,82,69,75,73,52,100,30.07,30.19,30.12,9,10,10,0,13,4,0,0,1,0,3
2013-07-14,70,91,81,66,74,70,56,93,29.9,30.0,29.96,0,10,8,0,32,5,1,1,1,0.9,1
2013-07-17,74,92,83,68,75,73,52,100,30.12,30.22,30.17,8,10,10,0,18,6,0,1,1,1e-16,1
2013-07-18,73,90,82,67,74,71,47,100,30.01,30.17,30.1,0,10,9,0,28,2,1,1,1,0.35,1
2013-07-19,71,92,82,69,75,71,49,93,29.95,30.06,30.01,10,10,10,0,12,2,0,1,1,1e-16,1
2013-07-24,75,91,83,71,76,74,52,94,29.88,29.99,29.94,10,10,10,0,18,8,0,1,1,0.01,1
2013-07-27,74,84,79,73,77,75,85,94,29.87,29.96,29.91,0,10,8,0,21,8,1,1,1,1.28,1
2013-08-01,76,93,85,67,77,74,52,91,29.92,30.04,29.99,10,10,10,0,21,5,0,0,0,0,2
2013-08-02,73,95,84,71,79,74,49,93,29.93,30.01,29.97,5,10,9,0,17,2,0,1,0,0.05,2
2013-08-03,75,94,85,71,77,75,49,94,29.99,30.07,30.02,5,10,10,0,10,2,0,0,0,0,2
2013-08-04,76,96,86,70,77,75,43,100,29.98,30.11,30.05,9,10,10,0,15,3,0,0,0,0,1
2013-08-11,75,90,83,72,75,74,65,94,30.05,30.11,30.08,6,10,10,0,17,5,0,1,1,0.09,1
2013-08-14,72,79,76,66,75,73,85,94,29.93,30.01,29.97,0,10,8,0,13,4,0,1,1,1.15,1
2013-08-18,70,85,78,68,73,70,61,100,29.95,30.02,29.99,6,10,10,0,14,5,0,0,0,0,1
2013-08-19,71,88,80,71,73,72,59,100,29.97,30.06,30.01,6,10,10,0,14,2,0,1,0,0.03,1
2013-08-20,72,92,82,70,76,73,49,100,29.99,30.06,30.03,2,10,9,0,24,3,0,1,1,0.42,2
2013-08-23,73,92,83,71,75,73,56,100,29.92,30.01,29.98,8,10,10,0,21,6,0,0,0,0,1
2013-08-24,73,86,80,71,73,72,61,94,29.98,30.09,30.03,10,10,10,0,17,8,0,0,0,0,1
2013-08-25,72,88,80,70,73,72,63,93,30.08,30.16,30.12,10,10,10,6,17,9,0,1,0,1e-16,1
2013-08-26,73,89,81,72,75,73,61,100,30.1,30.19,30.14,2,10,9,0,17,5,0,1,1,0.41,4
2013-08-27,69,89,79,65,72,69,46,100,30.04,30.14,30.09,5,10,9,0,12,2,0,0,0,0,1
2013-09-01,74,94,84,69,76,73,49,94,29.85,29.96,29.91,6,10,10,0,13,6,0,0,0,0,2
2013-09-05,73,92,83,72,77,74,56,100,30.03,30.11,30.06,1,10,8,0,22,3,0,1,0,0.36,2
2013-09-07,72,93,83,66,76,72,46,100,29.96,30.06,30.01,3,10,9,0,23,3,0,1,1,0.11,1
2013-09-08,70,92,81,69,73,71,49,100,29.93,30.02,29.98,5,10,8,0,17,3,0,1,0,0.03,1
2013-09-10,69,93,81,69,74,72,52,100,30.02,30.11,30.07,4,10,9,0,21,5,0,0,0,0,1
2013-09-14,72,91,82,67,73,70,47,94,29.88,29.98,29.92,7,10,10,0,15,4,0,0,0,0,2
2013-09-17,73,94,84,65,75,71,39,93,29.95,30.08,30.02,4,10,9,0,13,6,0,0,0,0,2
2013-09-19,73,92,83,71,76,73,56,93,29.95,30.03,29.98,10,10,10,4,22,8,0,1,0,1e-16,2
2013-09-21,69,80,75,68,77,73,85,100,29.73,29.8,29.77,1,10,6,0,24,6,0,1,0,4.67,1
2013-09-23,64,88,76,58,76,67,61,93,29.78,29.84,29.82,10,10,10,0,14,6,0,0,0,0,1
2013-09-25,67,90,79,58,73,67,37,100,29.78,29.86,29.82,0,10,7,0,13,3,1,0,0,0,2
2013-09-29,66,84,75,64,70,67,55,93,29.94,30.05,29.99,7,10,10,0,10,3,0,0,0,1e-16,1
2013-10-01,71,86,79,67,74,72,65,100,29.94,30.02,29.99,1,10,9,0,23,5,0,1,1,0.52,1
2013-10-01,71,86,79,67,74,72,65,100,29.94,30.02,29.99,1,10,9,0,23,5,0,1,1,0.52,1
2013-10-05,72,85,79,71,76,73,74,100,29.88,30.0,29.95,0,10,7,0,23,6,1,1,0,0.45,1
2013-10-06,57,76,67,50,72,64,57,100,29.86,29.99,29.91,7,10,10,0,14,5,0,1,0,1e-16,1
2013-10-11,62,86,74,62,72,67,63,100,29.95,30.05,30.0,0,10,6,0,15,3,1,0,0,0,1
2013-10-15,64,85,75,63,70,67,55,100,29.94,30.05,30.0,4,10,9,0,13,4,0,0,0,0,1
2013-10-18,55,75,65,53,61,56,50,100,29.94,30.06,29.99,10,10,10,0,16,5,0,1,0,0.02,2
2013-10-19,56,74,65,54,61,58,53,97,29.93,30.05,29.99,1,10,8,0,10,4,0,1,0,1.24,1
2013-10-21,53,72,63,52,62,58,68,100,29.96,30.07,30.01,10,10,10,0,10,4,0,0,0,0,2
2013-10-25,49,70,60,40,55,45,36,84,30.24,30.41,30.33,10,10,10,4,16,7,0,0,0,0,1
2013-10-26,44,77,61,39,55,45,33,93,30.15,30.3,30.24,10,10,10,0,8,2,0,0,0,0,1
2013-10-30,63,80,72,63,68,65,67,100,30.01,30.17,30.12,0,10,6,0,15,7,1,0,0,0,1
2013-10-31,63,81,72,63,70,67,69,100,29.8,29.99,29.87,0,10,6,0,29,9,1,1,0,1.26,1
2013-11-02,51,72,62,39,55,48,31,100,29.95,30.19,30.06,10,10,10,0,13,4,0,0,0,1e-16,1
2013-11-08,42,66,54,35,45,39,34,93,30.21,30.36,30.28,10,10,10,0,20,5,0,0,0,0,1
2013-11-12,38,72,55,29,52,44,49,96,30.2,30.52,30.34,10,10,10,0,17,7,0,0,0,0,1
2013-11-14,33,68,51,27,49,39,44,89,30.13,30.42,30.27,10,10,10,0,13,5,0,0,0,0,1
2013-11-20,39,73,56,33,57,43,33,93,30.02,30.12,30.09,9,10,10,0,9,4,0,0,0,0,1
2013-11-27,31,49,40,24,36,29,39,92,30.13,30.44,30.29,10,10,10,0,14,6,0,0,0,0,1
2013-11-28,26,51,39,23,32,26,36,92,30.42,30.51,30.46,4,10,9,0,10,2,0,0,0,0,1
2013-11-30,29,68,49,27,38,32,24,92,30.27,30.45,30.36,7,10,10,0,7,1,0,0,0,0,1
2013-12-01,35,70,53,34,49,43,44,92,30.01,30.29,30.16,7,10,9,0,9,2,0,0,0,0,2
2013-12-01,35,70,53,34,49,43,44,92,30.01,30.29,30.16,7,10,9,0,9,2,0,0,0,0,2
2013-12-12,35,56,46,27,34,30,32,82,30.38,30.53,30.46,10,10,10,0,14,5,0,0,0,0,1
2013-12-14,48,68,58,41,63,56,73,93,29.83,30.13,29.92,1,10,9,0,16,8,0,1,0,0.68,1
2013-12-16,30,62,46,28,36,32,29,96,30.25,30.38,30.31,6,10,9,0,6,0,0,0,0,0,1
2013-12-19,43,74,59,40,58,53,57,93,30.01,30.2,30.11,10,10,10,0,17,7,0,0,0,0,1
2013-12-20,62,80,71,59,67,63,62,90,29.94,30.04,29.98,10,10,10,4,21,10,0,1,0,1e-16,1
2013-12-21,61,80,71,58,70,66,67,90,29.71,29.92,29.8,5,10,10,0,31,15,0,1,1,0.09,2
2013-12-22,50,67,59,47,59,54,63,93,29.83,30.21,30.01,8,10,10,0,17,3,0,1,0,0.05,2
2013-12-23,33,50,42,28,45,33,50,86,30.2,30.51,30.37,10,10,10,0,15,7,0,0,0,0,2
2013-12-25,29,50,40,23,31,26,33,85,30.32,30.42,30.37,10,10,10,0,10,4,0,0,0,0,1
2013-12-29,42,64,53,35,46,42,34,100,30.01,30.14,30.07,0,10,7,0,8,2,1,0,0,0,1
2014-01-01,44,58,51,39,54,48,76,93,30.04,30.31,30.17,2,10,6,0,10,3,0,1,0,0.3,12
2014-01-06,24,34,29,4,23,12,31,69,30.26,30.63,30.5,10,10,10,0,16,9,0,0,0,0,1
2014-01-12,34,69,52,31,42,34,23,92,30.06,30.21,30.13,10,10,10,0,17,6,0,0,0,0,1
2014-01-14,37,66,52,25,38,33,22,85,30.04,30.13,30.08,10,10,10,0,12,4,0,0,0,0,3
2014-01-16,28,62,45,24,44,32,25,92,30.08,30.22,30.15,10,10,10,0,21,8,0,0,0,0,1
2014-01-17,37,59,48,10,43,25,19,86,30.11,30.27,30.2,10,10,10,0,23,7,0,0,0,0,1
2014-01-19,36,65,51,24,51,37,24,100,30.12,30.26,30.17,10,10,10,0,14,4,0,0,0,1e-16,3
2014-01-22,26,56,41,14,32,22,22,81,30.16,30.28,30.21,10,10,10,0,12,3,0,0,0,0,2
2014-01-23,32,52,42,21,34,29,35,85,30.2,30.62,30.38,10,10,10,0,20,9,0,0,0,1e-16,1
2014-01-27,40,61,51,14,57,47,33,100,29.85,30.14,29.96,0,10,6,0,15,7,1,1,0,0.25,3
2014-01-30,17,51,34,11,32,23,38,89,30.11,30.36,30.23,10,10,10,0,14,6,0,0,0,0,3
2014-02-01,46,77,62,44,61,54,57,100,29.96,30.03,30.0,10,10,10,4,17,9,0,0,0,0,3
2014-02-04,42,67,55,41,65,53,87,100,29.75,30.07,29.91,0,10,4,4,26,9,1,1,1,1.66,2
2014-02-09,42,73,58,40,53,48,44,93,30.04,30.18,30.11,5,10,8,0,14,3,0,0,0,0,2
2014-02-10,43,57,50,41,55,50,86,93,30.05,30.14,30.08,2,10,6,0,14,6,0,1,0,0.09,1
2014-02-12,34,38,36,31,34,33,85,92,29.95,30.05,30.02,1,10,6,4,14,8,0,1,0,0.12,1
2014-02-13,29,55,42,28,37,32,41,92,30.0,30.12,30.05,2,10,8,0,12,3,0,0,0,0,1
2014-02-14,32,66,49,30,55,45,56,93,29.84,30.01,29.94,8,10,10,0,24,10,0,0,0,0,1
2014-02-17,53,78,66,54,63,59,58,93,30.06,30.13,30.1,3,10,9,4,20,9,0,0,0,0,1
2014-02-18,63,74,69,58,63,62,66,100,30.04,30.16,30.1,0,10,6,4,17,9,1,0,0,0,1
2014-02-25,55,69,62,54,61,59,78,93,29.92,30.09,29.99,1,10,6,0,13,2,0,1,1,0.57,1
2014-02-27,30,57,44,18,33,25,22,85,30.02,30.18,30.09,10,10,10,0,13,4,0,0,0,0,1
2014-03-01,54,80,67,50,61,56,48,87,30.02,30.14,30.08,10,10,10,4,17,7,0,0,0,0,1
2014-03-03,30,70,50,23,59,36,57,89,29.97,30.25,30.14,2,10,9,6,22,10,0,1,0,0.26,1
2014-03-01,54,80,67,50,61,56,48,87,30.02,30.14,30.08,10,10,10,4,17,7,0,0,0,0,1
2014-03-03,30,70,50,23,59,36,57,89,29.97,30.25,30.14,2,10,9,6,22,10,0,1,0,0.26,1
2014-03-07,42,60,51,40,44,42,53,89,30.01,30.14,30.07,7,10,10,0,9,4,0,0,0,0,2
2014-03-11,61,73,67,57,64,61,68,93,29.67,29.94,29.78,2,10,8,0,14,6,0,1,0,0.15,1
2014-03-13,37,68,52,25,39,31,21,86,30.21,30.33,30.25,10,10,10,0,9,2,0,0,0,0,1
2014-03-14,39,71,55,36,53,44,44,92,30.1,30.25,30.17,10,10,10,0,20,8,0,0,0,0,3
2014-03-15,59,73,66,54,62,58,61,87,29.78,30.09,29.97,9,10,10,0,15,8,0,1,0,0.51,2
2014-03-20,50,77,64,38,57,44,27,90,30.06,30.18,30.11,10,10,10,0,14,5,0,0,0,0,2
2014-03-22,57,84,71,52,65,58,42,86,29.95,30.05,30.0,7,10,10,0,15,4,0,0,0,0,1
2014-03-23,52,69,61,43,65,57,60,93,29.97,30.2,30.07,2,10,9,0,18,8,0,1,0,0.04,1
2014-03-24,50,70,60,38,47,43,37,77,29.97,30.17,30.08,10,10,10,0,14,5,0,1,0,1e-16,2
2014-03-26,38,61,50,27,39,32,35,65,30.16,30.36,30.26,10,10,10,0,18,9,0,0,0,1e-16,2
2014-03-27,50,70,60,40,62,54,63,87,29.94,30.16,30.03,3,10,10,6,18,11,0,1,0,0.09,1
2014-04-01,56,84,70,54,63,59,45,93,30.02,30.11,30.07,5,10,10,0,16,8,0,0,0,0,1
2014-04-03,69,85,77,62,68,66,48,90,29.89,29.98,29.94,7,10,10,4,26,12,0,0,0,0,2
2014-04-04,66,78,72,53,68,63,54,93,29.84,30.01,29.95,2,10,8,0,25,7,0,1,0,0.19,1
2014-04-05,59,67,63,43,54,47,45,75,29.96,30.08,30.02,10,10,10,0,17,8,0,1,0,1e-16,1
2014-04-10,46,77,62,43,52,47,33,93,30.14,30.24,30.19,10,10,10,0,18,7,0,0,0,0,2
2014-04-11,52,80,66,49,57,54,42,89,30.07,30.2,30.13,10,10,10,0,15,6,0,0,0,0,1
2014-04-14,51,86,69,48,72,64,51,87,29.7,29.99,29.83,1,10,9,4,20,10,0,1,1,0.59,1
2014-04-16,37,67,52,31,43,36,34,85,30.09,30.27,30.18,10,10,10,0,15,6,0,0,0,0,1
2014-04-17,47,67,57,43,57,52,58,86,30.12,30.2,30.15,8,10,10,0,15,7,0,0,0,0,1
2014-04-18,58,80,69,53,62,57,42,90,30.05,30.16,30.11,9,10,10,0,15,5,0,1,1,0.01,1
2014-04-20,53,85,69,48,56,52,29,93,30.06,30.19,30.13,10,10,10,0,9,3,0,0,0,0,1
2014-04-23,58,87,73,51,61,57,32,90,29.87,30.0,29.94,6,10,10,0,12,3,0,0,0,0,1
2014-04-24,60,85,73,59,66,63,51,93,29.85,29.98,29.92,0,10,7,0,20,9,1,0,0,0,3
2014-04-25,64,87,76,56,67,64,36,90,29.9,30.0,29.96,6,10,9,0,10,5,0,0,0,0,1
2014-04-26,64,88,76,55,69,62,46,82,29.86,29.98,29.92,8,10,10,0,15,7,0,0,0,0,1
2014-04-28,74,86,80,69,73,71,61,94,29.61,29.78,29.69,3,10,8,8,28,14,0,1,0,0.02,1
2014-04-30,57,74,66,42,54,46,35,64,29.83,30.11,29.98,10,10,10,0,16,6,0,0,0,0,1
2014-05-01,49,75,62,37,51,42,27,80,30.0,30.15,30.08,10,10,10,0,13,3,0,0,0,1e-16,1
2014-05-01,49,75,62,37,51,42,27,80,30.0,30.15,30.08,10,10,10,0,13,3,0,0,0,1e-16,1
2014-05-02,57,79,68,37,52,45,24,80,29.95,30.06,30.01,8,10,10,0,10,3,0,0,0,0,2
2014-05-03,53,86,70,43,59,50,21,89,30.02,30.12,30.06,5,10,10,0,17,7,0,0,0,0,1
2014-05-04,61,89,75,50,62,56,28,90,30.04,30.16,30.1,8,10,10,0,16,7,0,0,0,0,1
2014-05-06,59,85,72,56,61,58,40,84,29.92,30.01,29.96,6,10,10,0,16,8,0,0,0,0,2
2014-05-08,69,89,79,60,69,66,40,97,29.99,30.07,30.03,2,10,8,5,20,10,0,0,0,0,2
2014-05-09,65,80,73,62,74,69,76,97,29.96,30.04,30.0,0,10,6,5,17,10,1,1,1,3.27,1
2014-05-12,73,89,81,67,73,70,50,94,29.94,30.06,30.0,4,10,9,6,20,11,0,0,0,0,1
2014-05-13,71,86,79,63,71,68,48,93,29.98,30.07,30.02,6,10,9,0,16,5,0,1,0,0.09,1
2014-05-14,56,77,67,50,69,63,61,97,29.97,30.15,30.02,1,10,8,0,18,7,0,1,0,1e-16,2
2014-05-16,52,83,68,48,57,53,36,89,30.07,30.2,30.15,10,10,10,0,17,8,0,0,0,0,2
2014-05-17,60,84,72,53,61,58,42,90,30.09,30.16,30.12,10,10,10,0,18,9,0,0,0,0,1
2014-05-20,65,88,77,56,67,62,34,93,30.11,30.18,30.14,0,10,8,4,17,8,1,0,0,0,2
2014-05-21,66,89,78,60,68,63,38,93,30.11,30.19,30.14,1,10,7,0,15,6,0,0,0,0,1
2014-05-23,66,89,78,58,69,64,40,93,30.04,30.16,30.11,5,10,9,0,12,4,0,0,0,0,1
2014-05-24,66,86,76,62,69,66,51,93,30.02,30.12,30.08,10,10,10,0,9,3,0,0,0,0,3
2014-05-25,64,89,77,60,68,64,40,93,30.01,30.11,30.07,2,10,9,0,13,4,0,0,0,0,2
2014-05-27,70,87,79,66,73,70,51,93,29.94,30.06,30.0,2,10,9,4,24,10,0,1,1,0.46,1
2014-05-28,67,78,73,66,71,67,76,100,29.84,29.96,29.91,1,10,6,4,18,9,0,1,1,3.34,1
2014-05-29,69,81,75,66,72,69,74,97,29.8,29.87,29.85,5,10,10,0,18,8,0,1,0,0.03,1
2014-05-31,71,84,78,68,74,70,63,100,29.9,29.98,29.93,1,10,10,4,17,8,0,1,0,0.03,1
2014-06-02,71,86,79,69,73,71,61,100,30.0,30.05,30.02,0,10,8,0,18,6,1,1,1,0.04,1
2014-06-03,71,87,79,69,73,71,55,100,29.97,30.06,30.02,0,10,7,4,16,6,1,1,0,0.04,1
2014-06-04,70,88,79,69,72,71,57,100,29.88,29.98,29.94,0,10,9,0,13,6,0,0,0,1e-16,2
2014-06-05,72,90,81,70,75,72,59,94,29.87,29.94,29.91,10,10,10,0,13,5,0,0,0,0,1
2014-06-06,72,92,82,70,75,72,52,100,29.9,29.98,29.94,9,10,10,0,13,4,0,0,0,0,1
2014-06-07,74,92,83,71,74,73,56,94,29.9,30.01,29.96,9,10,10,0,14,5,0,0,0,0,1
2014-06-13,66,82,74,62,75,69,65,94,29.9,30.01,29.96,0,10,9,0,17,6,1,1,1,0.51,1
2014-06-14,68,91,80,66,70,69,50,97,29.94,30.02,29.97,9,10,10,0,22,4,0,1,1,1e-16,1
2014-06-15,70,89,80,68,73,71,55,97,29.95,30.06,30.02,6,10,10,0,16,7,0,0,1,1e-16,1
2014-06-16,71,91,81,68,75,72,52,100,30.05,30.16,30.1,2,10,9,0,13,5,0,0,1,1e-16,2
2014-06-20,72,92,82,68,73,71,49,93,30.01,30.12,30.07,10,10,10,0,13,3,0,0,0,0,2
2014-06-21,74,92,83,69,74,72,52,94,29.92,30.07,29.99,5,10,10,0,13,4,0,0,0,0,1
2014-06-23,73,89,81,70,75,73,59,93,29.92,30.02,29.97,8,10,10,0,16,6,0,0,0,0,1
2014-06-27,71,84,78,68,72,70,65,93,30.01,30.08,30.05,2,10,8,0,21,6,0,1,0,0.7,1
2014-07-01,75,94,85,71,75,73,49,94,29.95,30.05,29.98,8,10,10,4,13,6,0,0,0,0,2
2014-07-01,75,94,85,71,75,73,49,94,29.95,30.05,29.98,8,10,10,4,13,6,0,0,0,0,2
2014-07-04,71,90,81,62,72,66,43,82,30.1,30.2,30.15,10,10,10,0,10,5,0,0,0,0,3
2014-07-05,66,90,78,59,68,64,37,87,30.09,30.2,30.15,10,10,10,0,8,3,0,0,0,0,1
2014-07-08,71,89,80,66,75,72,70,93,30.0,30.1,30.07,2,10,9,0,21,4,0,1,1,0.38,1
2014-07-09,70,88,79,69,76,72,70,100,30.02,30.11,30.07,10,10,10,0,13,4,0,1,1,0.01,2
2014-07-13,73,91,82,67,76,73,59,100,30.01,30.1,30.06,1,10,8,0,28,3,0,1,1,0.01,1
2014-07-14,74,91,83,71,77,73,56,93,29.94,30.05,30.01,3,10,9,0,16,4,0,1,1,0.05,1
2014-07-15,75,89,82,71,75,74,59,94,29.91,29.99,29.96,7,10,10,0,16,7,0,1,0,0.06,3
2014-07-16,69,87,78,60,72,65,42,93,29.94,30.02,29.98,10,10,10,0,10,4,0,0,0,0,1
2014-07-19,72,87,80,70,76,73,65,100,29.95,30.02,29.99,0,10,6,0,21,5,1,1,0,0.39,1
2014-07-21,71,91,81,70,74,72,55,100,29.98,30.06,30.01,0,10,7,0,10,3,1,0,0,0,1
2014-07-22,71,92,82,67,73,70,44,94,29.98,30.04,30.02,7,10,10,0,17,4,0,1,1,0.03,1
2014-07-23,70,91,81,68,74,72,52,94,29.95,30.06,30.02,6,10,9,0,14,4,0,0,0,0,4
2014-07-24,72,90,81,71,75,73,59,94,29.94,30.02,29.98,2,10,8,0,15,2,0,1,0,0.03,1
2014-07-25,74,94,84,71,75,73,49,94,29.96,30.05,30.0,5,10,9,0,14,5,0,0,0,0,1
2014-07-26,77,95,86,71,76,74,49,91,29.98,30.09,30.03,10,10,10,4,17,7,0,1,0,0.01,2
2014-07-27,77,94,86,73,77,75,52,94,30.01,30.11,30.06,10,10,10,5,14,8,0,0,0,0,1
2014-07-28,76,94,85,72,77,75,60,94,29.98,30.1,30.04,8,10,10,0,14,8,0,0,0,0,1
2014-08-01,72,86,79,67,74,71,65,94,29.95,30.01,29.98,2,10,8,0,21,6,0,1,0,0.31,1
2014-08-02,74,88,81,71,76,72,61,94,29.92,30.01,29.97,6,10,9,0,12,7,0,1,1,0.03,1
2014-08-04,71,91,81,70,76,72,56,93,29.94,30.04,29.99,3,10,8,0,14,3,0,0,1,1e-16,1
2014-08-05,73,94,84,71,76,73,49,93,30.0,30.08,30.03,5,10,8,0,15,3,0,0,0,1e-16,1
2014-08-07,76,95,86,71,76,74,49,91,29.91,30.02,29.97,8,10,10,0,15,5,0,0,0,1e-16,1
2014-08-08,76,95,86,71,76,74,49,94,29.93,30.03,29.98,5,10,9,0,25,6,0,1,1,1e-16,1
2014-08-09,75,94,85,71,76,74,49,94,29.97,30.05,30.01,8,10,10,0,23,6,0,1,0,1e-16,2
2014-08-12,71,92,82,70,75,72,49,100,29.9,30.01,29.96,9,10,10,0,12,3,0,0,0,0,2
2014-08-16,72,93,83,69,75,72,49,87,29.96,30.04,30.0,7,10,10,0,17,6,0,0,0,1e-16,1
2014-08-17,73,92,83,69,77,73,60,94,30.0,30.07,30.02,7,10,10,0,20,6,0,1,1,0.01,1
2014-08-22,74,95,85,71,77,74,49,100,30.01,30.13,30.07,4,10,8,0,8,2,0,0,0,1e-16,1
2014-08-23,76,96,86,72,76,75,49,94,29.92,30.05,29.99,9,10,10,0,9,2,0,0,0,0,1
2014-08-24,76,96,86,74,76,75,52,91,29.87,29.98,29.93,5,10,10,0,9,3,0,0,0,1e-16,1
2014-09-01,74,92,83,72,77,74,52,94,29.97,30.05,30.01,5,10,9,0,23,7,0,0,0,0.06,2
2014-09-05,72,92,82,71,75,72,56,100,30.03,30.13,30.07,0,10,8,0,26,3,1,1,1,1.11,1
2014-09-12,74,91,83,72,77,74,59,100,29.93,30.03,29.99,9,10,10,0,13,4,0,0,1,1e-16,2
2014-09-14,68,88,78,66,72,69,59,93,30.05,30.15,30.11,5,10,9,0,10,5,0,0,0,0,1
2014-09-19,71,88,80,69,73,70,55,93,29.9,29.98,29.94,8,10,10,0,20,5,0,1,0,0.09,1
2014-09-25,64,86,75,60,67,63,44,100,30.09,30.18,30.13,8,10,10,0,16,6,0,0,0,0,1
2014-09-26,65,86,76,62,67,64,48,93,30.01,30.1,30.06,10,10,10,0,14,5,0,0,0,0,2
2014-09-28,72,84,78,68,73,71,69,93,29.91,30.01,29.96,10,10,10,0,15,6,0,1,0,0.04,1
2014-09-29,71,88,80,70,73,72,59,93,29.86,29.94,29.91,5,10,9,0,15,5,0,1,0,0.02,1
2014-10-01,71,87,79,69,75,72,65,100,29.83,29.95,29.9,3,10,9,0,15,6,0,1,0,1e-16,3
2014-10-01,71,87,79,69,75,72,65,100,29.83,29.95,29.9,3,10,9,0,15,6,0,1,0,1e-16,3
2014-10-02,75,92,84,71,77,74,52,100,29.88,29.99,29.93,4,10,9,4,21,10,0,0,0,1e-16,1
2014-10-03,62,81,72,60,77,68,58,100,29.91,30.11,29.98,1,10,8,0,24,7,0,1,0,1.13,1
2014-10-04,52,73,63,38,61,47,29,93,30.04,30.18,30.1,10,10,10,0,15,5,0,0,0,0,1
2014-10-05,49,80,65,44,57,50,30,93,29.96,30.08,30.02,10,10,10,0,15,5,0,0,0,0,1
2014-10-06,60,84,72,57,66,63,54,97,29.86,30.02,29.96,9,10,10,0,18,6,0,0,0,0,3
2014-10-07,63,89,76,61,71,65,44,100,29.96,30.06,29.99,1,10,8,0,10,2,0,0,0,0,1
2014-10-08,65,89,77,64,71,67,50,100,30.03,30.12,30.07,0,10,7,0,12,4,1,0,0,0,1
2014-10-12,68,89,79,67,74,70,53,97,29.89,30.01,29.95,4,10,10,0,22,5,0,1,1,0.11,1
2014-10-15,51,77,64,44,54,49,31,93,29.98,30.09,30.02,8,10,10,0,18,6,0,0,0,0,1
2014-10-19,55,78,67,51,57,54,40,93,30.04,30.14,30.08,10,10,10,0,16,6,0,0,0,0,1
2014-10-20,51,78,65,49,58,53,40,93,30.0,30.08,30.04,10,10,10,0,8,3,0,0,0,0,2
2014-10-29,59,83,71,53,69,64,58,100,30.02,30.12,30.08,0,10,8,0,14,4,1,0,0,0,1
2014-10-31,47,75,61,42,50,45,33,93,30.04,30.22,30.1,10,10,10,0,17,6,0,0,0,0,1
2014-11-01,36,60,48,21,41,27,22,70,30.24,30.4,30.33,10,10,10,0,15,6,0,0,0,0,2
2014-11-02,34,66,50,30,41,34,28,83,30.33,30.46,30.38,10,10,10,0,12,4,0,0,0,0,2
2014-11-05,59,76,68,57,66,63,69,100,30.11,30.18,30.14,5,10,9,0,9,4,0,0,0,1e-16,1
2014-11-07,46,65,56,31,48,38,30,89,30.04,30.24,30.14,10,10,10,0,17,5,0,0,0,0,1
2014-11-08,43,72,58,35,43,39,29,83,29.97,30.08,30.03,10,10,10,0,9,3,0,0,0,0,2
2014-11-11,58,82,70,55,62,59,49,93,29.91,30.05,29.97,7,10,10,0,17,7,0,0,0,0,2
2014-11-13,33,49,41,19,33,27,46,79,30.25,30.39,30.32,8,10,10,0,15,7,0,1,0,0.01,1
2014-11-14,29,51,40,14,22,18,22,63,30.28,30.42,30.35,10,10,10,0,15,4,0,0,0,0,1
2014-11-16,50,76,63,44,68,61,64,93,29.79,30.12,29.88,0,10,7,4,25,12,1,1,1,2.64,1
2014-11-23,63,75,69,55,64,62,54,93,29.59,29.84,29.68,2,10,10,5,28,16,0,1,0,0.4,1
2014-11-29,46,77,62,44,57,52,46,93,30.12,30.22,30.17,3,10,9,0,22,9,0,0,0,0,1
2014-11-30,57,81,69,55,59,56,42,93,30.14,30.23,30.18,8,10,10,0,20,7,0,0,0,0,1
2014-12-01,51,81,66,49,62,57,45,100,30.22,30.33,30.28,0,10,6,0,13,5,1,0,0,0,3
2014-12-01,51,81,66,49,62,57,45,100,30.22,30.33,30.28,0,10,6,0,13,5,1,0,0,0,3
2014-12-05,66,82,74,63,67,65,58,100,30.12,30.21,30.17,1,10,7,5,18,9,1,0,0,0,1
2014-12-07,43,61,52,39,47,43,49,93,30.22,30.36,30.29,10,10,10,0,14,6,0,0,0,0,1
2014-12-08,39,67,53,38,43,41,42,92,30.2,30.3,30.25,5,10,10,0,9,2,0,0,0,0,1
2014-12-09,36,71,54,33,44,38,28,92,30.21,30.31,30.26,7,10,9,0,13,2,0,0,0,0,2
2014-12-10,37,62,50,33,38,36,36,92,30.19,30.33,30.25,6,10,10,0,10,3,0,0,0,0,2
2014-12-12,47,67,57,42,46,44,44,86,30.28,30.39,30.31,10,10,10,0,9,4,0,0,0,0.01,2
2014-12-13,47,72,60,45,48,46,41,86,30.18,30.32,30.25,7,10,10,0,9,2,0,0,0,0,4
2014-12-14,43,72,58,41,51,47,44,100,30.05,30.19,30.12,2,10,8,0,13,5,0,0,0,0,1
2014-12-16,41,67,54,33,43,36,34,87,30.08,30.28,30.2,10,10,10,0,16,6,0,0,0,0,1
2014-12-20,42,51,47,41,47,44,83,100,30.09,30.19,30.15,1,10,9,0,13,5,0,1,0,0.03,1
2014-12-23,49,77,63,45,70,62,79,96,29.49,29.72,29.62,1,10,6,0,30,7,0,1,1,1.79,1
2014-12-24,40,54,47,31,44,38,46,89,29.7,30.14,29.93,10,10,10,0,23,10,0,0,0,0,2
2014-12-27,59,72,66,58,70,63,87,97,30.02,30.14,30.09,1,10,6,4,21,9,0,1,1,1,1
2014-12-28,51,71,61,48,69,54,80,96,30.03,30.15,30.09,2,10,8,0,15,6,0,1,0,0.2,2
2014-12-29,49,56,53,47,52,50,86,100,30.07,30.19,30.12,2,10,6,0,10,3,0,0,0,1e-16,2
2014-12-30,36,52,44,34,50,42,76,96,30.2,30.45,30.34,2,10,10,0,14,4,0,0,0,0,1
2015-02-01,54,68,61,46,64,57,77,93,29.86,30.07,29.95,1,10,9,4,21,9,0,1,0,0.18,4
2015-02-06,30,60,45,21,34,27,23,85,30.29,30.45,30.37,10,10,10,0,8,2,0,0,0,0,1
2015-02-09,54,79,67,41,59,52,28,100,29.91,30.01,29.96,1,10,7,4,24,7,0,0,0,0,1
2015-02-10,41,68,55,33,42,37,27,83,29.98,30.1,30.04,5,10,10,0,10,4,0,0,0,0,1
2015-02-13,31,59,45,16,34,22,19,69,30.27,30.41,30.34,10,10,10,0,12,4,0,0,0,0,1
2015-02-18,28,57,43,16,30,24,20,92,30.23,30.39,30.3,8,10,10,0,22,6,0,0,0,0,2
2015-02-19,31,53,42,17,28,23,26,85,30.3,30.49,30.39,10,10,10,0,15,4,0,0,0,0,1
2015-02-20,34,66,50,26,54,41,51,86,30.06,30.29,30.18,10,10,10,5,23,12,0,1,0,1e-16,1
2015-02-26,34,53,44,31,35,32,44,92,29.92,30.31,30.08,6,10,10,4,14,8,0,0,0,0,1
2015-03-01,53,65,59,50,62,58,83,100,30.22,30.32,30.27,2,10,6,4,17,10,0,1,1,1.14,3
2015-03-02,56,66,61,56,64,61,93,100,30.17,30.28,30.23,0,10,4,0,13,4,1,1,0,0.25,1
2015-03-03,56,79,68,55,70,65,74,100,29.96,30.16,30.05,0,10,5,0,23,8,1,1,0,0.07,1
2015-03-01,53,65,59,50,62,58,83,100,30.22,30.32,30.27,2,10,6,4,17,10,0,1,1,1.14,3
2015-03-02,56,66,61,56,64,61,93,100,30.17,30.28,30.23,0,10,4,0,13,4,1,1,0,0.25,1
2015-03-03,56,79,68,55,70,65,74,100,29.96,30.16,30.05,0,10,5,0,23,8,1,1,0,0.07,1
2015-03-04,68,84,76,65,69,67,55,97,29.86,29.99,29.94,5,10,8,4,24,11,0,0,0,1e-16,1
2015-03-08,42,73,58,32,42,38,27,83,30.1,30.31,30.22,10,10,10,0,13,4,0,1,0,1e-16,1
2015-03-10,64,72,68,63,68,66,79,100,29.91,30.07,29.99,0,10,6,0,14,5,1,1,1,0.31,1
2015-03-15,57,80,69,56,60,58,48,100,30.12,30.25,30.2,5,10,9,0,14,5,0,0,0,0,1
2015-03-16,57,84,71,56,61,58,40,93,30.12,30.26,30.19,5,10,9,0,14,5,0,0,0,0,2
2015-03-18,65,80,73,63,68,65,58,100,29.96,30.07,30.02,4,10,8,0,13,5,0,1,0,1e-16,2
2015-03-21,64,81,73,62,67,64,58,93,29.98,30.1,30.05,2,10,7,0,17,6,0,1,0,0.51,1
2015-03-22,59,81,70,54,70,63,54,93,29.87,30.02,29.94,1,10,8,4,18,10,0,1,0,1e-16,1
2015-03-24,60,75,68,53,63,56,49,93,30.01,30.1,30.05,9,10,10,0,14,5,0,0,0,0,3
2015-03-26,54,72,63,48,66,61,73,93,29.82,29.99,29.89,2,10,9,0,21,6,0,1,0,0.03,1
2015-04-01,58,83,71,57,66,61,47,100,30.0,30.1,30.04,2,10,8,0,18,8,0,0,0,1e-16,2
2015-04-02,69,87,78,53,67,63,31,90,30.01,30.09,30.05,10,10,10,5,24,12,0,1,0,1e-16,1
2015-04-03,66,86,76,59,69,65,44,100,30.01,30.09,30.04,4,10,10,0,21,11,0,0,0,0,2
2015-04-05,52,72,62,41,61,53,48,100,30.04,30.19,30.1,1,10,6,6,18,10,0,1,1,1.31,1
2015-04-09,70,85,78,66,72,69,58,97,29.96,30.04,30.01,6,10,9,4,20,9,0,0,0,0,1
2015-04-10,64,82,73,63,71,68,69,100,29.98,30.08,30.04,0,10,6,0,39,6,1,1,1,1.08,1
2015-04-11,62,80,71,60,69,64,67,100,30.01,30.13,30.07,10,10,10,0,13,6,0,1,0,0.03,1
2015-04-13,68,82,75,65,70,68,62,100,29.92,30.02,29.97,1,10,6,4,20,9,0,1,1,0.49,1
2015-04-14,65,72,69,64,71,68,84,100,29.97,30.09,30.02,2,10,7,0,14,5,0,1,1,0.69,1
2015-04-17,66,84,75,65,69,67,58,100,29.9,30.06,29.98,2,10,9,0,12,4,0,1,0,0.08,1
2015-04-20,58,73,66,49,66,57,44,93,29.76,29.99,29.88,10,10,10,0,17,6,0,0,0,1e-16,2
2015-04-22,56,85,71,51,65,57,34,93,29.9,30.01,29.96,8,10,10,0,10,5,0,0,0,0,2
2015-04-26,64,84,74,64,72,67,65,100,29.69,29.8,29.74,0,10,4,0,8,3,1,0,0,0,2
2015-04-27,61,72,67,60,70,64,81,97,29.63,29.85,29.75,0,10,6,0,45,11,1,1,1,2,1
2015-04-29,52,73,63,48,54,51,44,93,29.84,29.93,29.89,10,10,10,0,17,6,0,0,0,0,2
2015-05-01,57,84,71,50,57,54,33,86,29.95,30.07,30.01,10,10,10,0,9,4,0,0,0,0,3
2015-05-01,57,84,71,50,57,54,33,86,29.95,30.07,30.01,10,10,10,0,9,4,0,0,0,0,3
2015-05-02,56,84,70,50,60,54,34,86,30.01,30.11,30.06,9,10,10,0,8,3,0,0,0,0,3
2015-05-03,59,84,72,54,63,57,40,97,30.04,30.13,30.08,4,10,9,0,12,4,0,0,0,0,2
2015-05-05,63,84,74,57,65,62,47,100,30.07,30.18,30.12,9,10,10,5,21,9,0,0,0,0,1
2015-05-08,66,88,77,64,71,67,46,100,29.97,30.06,30.03,0,10,8,0,17,7,1,0,0,0,1
2015-05-09,69,87,78,67,73,70,57,97,29.97,30.06,30.01,8,10,10,0,16,7,0,0,0,0,1
2015-05-10,70,90,80,66,72,69,50,97,29.99,30.04,30.01,10,10,10,0,18,10,0,0,0,0,1
2015-05-11,69,85,77,67,73,71,69,100,29.98,30.11,30.04,6,10,9,0,18,6,0,1,1,0.26,1
2015-05-15,71,86,79,66,73,71,65,93,30.0,30.09,30.05,4,10,9,0,26,6,0,1,1,0.08,3
2015-05-21,66,87,77,65,73,70,61,94,29.99,30.1,30.04,7,10,10,0,17,6,0,0,0,1e-16,2
2015-05-22,63,83,73,60,70,64,58,93,30.09,30.19,30.15,10,10,10,0,12,5,0,0,0,0,1
2015-05-23,68,88,78,66,71,69,57,93,30.09,30.22,30.16,7,10,10,0,17,7,0,0,0,0,1
2015-05-25,69,88,79,67,75,71,63,100,29.98,30.07,30.02,2,10,9,0,24,9,0,1,1,0.41,1
2015-05-26,63,83,73,61,72,67,58,93,30.04,30.15,30.08,0,10,8,0,33,7,1,1,0,1.83,1
2015-05-27,66,80,73,63,74,68,67,100,30.04,30.19,30.11,2,10,9,0,26,4,0,1,0,0.25,1
2015-05-28,64,91,78,63,72,68,47,100,30.03,30.12,30.08,7,10,10,0,9,2,0,0,0,0,3
2015-05-30,68,89,79,66,74,69,51,100,29.98,30.08,30.03,0,10,8,0,30,3,1,1,1,2.86,2
2015-05-31,67,87,77,66,73,69,61,100,29.97,30.04,30.02,0,10,9,0,30,4,1,1,1,1.49,1
2015-06-01,65,88,77,64,70,67,46,100,29.97,30.06,30.02,2,10,9,0,10,2,0,0,0,0,4
2015-06-04,66,90,78,63,69,65,41,93,29.94,30.0,29.97,10,10,10,0,9,3,0,0,0,0,1
2015-06-08,72,95,84,64,74,71,41,93,29.92,30.02,29.97,6,10,9,0,17,5,0,0,0,0,2
2015-06-09,70,82,76,66,74,70,79,100,29.88,29.99,29.93,2,10,9,0,22,6,0,1,1,0.57,3
2015-06-10,70,92,81,68,74,71,59,100,29.84,29.93,29.89,2,10,9,0,18,4,0,1,0,0.16,2
2015-06-12,71,89,80,69,75,71,59,100,29.91,30.02,29.97,7,10,10,0,35,7,0,1,0,0.09,1
2015-06-13,72,89,81,70,76,73,59,94,29.97,30.01,29.99,0,10,9,0,32,7,1,1,1,0.37,1
2015-06-14,74,88,81,70,76,74,57,100,29.96,30.04,30.0,10,10,10,0,23,8,0,1,0,0.12,1
2015-06-15,74,89,82,72,78,74,64,100,29.97,30.04,30.01,10,10,10,0,22,8,0,1,0,0.04,1
2015-06-18,74,93,84,71,76,74,52,94,29.98,30.09,30.04,4,10,10,0,20,7,0,1,0,0.07,2
2015-06-21,76,93,85,70,76,74,49,94,30.06,30.15,30.1,10,10,10,0,12,4,0,0,0,0,1
2015-06-23,74,96,85,68,76,73,49,100,30.08,30.16,30.13,7,10,10,0,28,4,0,1,1,0.04,1
2015-06-24,72,94,83,70,75,72,52,93,30.06,30.16,30.13,7,10,10,0,26,3,0,1,1,0.04,1
2015-06-26,72,90,81,71,77,73,63,100,29.95,30.09,30.02,0,10,6,0,24,6,1,1,1,0.12,1
2015-06-29,70,89,80,64,76,73,59,100,29.97,30.08,30.02,5,10,10,0,25,9,0,1,1,0.11,1
2015-07-01,70,92,81,69,76,72,56,100,30.04,30.11,30.07,0,10,8,0,22,5,1,1,1,0.09,2
2015-07-01,70,92,81,69,76,72,56,100,30.04,30.11,30.07,0,10,8,0,22,5,1,1,1,0.09,2
2015-07-04,70,90,80,65,77,73,63,100,30.0,30.09,30.05,2,10,8,0,35,5,0,1,1,0.19,1
2015-07-06,70,92,81,69,76,72,52,100,30.03,30.17,30.1,7,10,10,0,13,6,0,0,0,0,2
2015-07-11,74,95,85,70,76,73,43,94,30.1,30.19,30.14,9,10,10,0,10,2,0,0,0,1e-16,2
2015-07-16,77,96,87,71,76,73,46,88,29.94,30.03,29.98,9,10,10,0,13,5,0,0,0,0,1
2015-07-17,78,96,87,71,77,74,45,91,29.94,30.05,30.0,10,10,10,0,16,5,0,0,0,0,4
2015-07-18,79,97,88,73,77,75,48,91,29.96,30.06,30.01,10,10,10,0,10,5,0,0,0,0,1
2015-07-19,78,97,88,75,78,76,51,91,29.95,30.06,30.0,9,10,10,0,12,3,0,0,0,0,2
2015-07-20,80,98,89,71,78,75,48,91,29.9,29.99,29.94,10,10,10,0,24,5,0,0,1,0,1
2015-07-21,78,96,87,71,77,75,46,91,29.87,29.96,29.92,5,10,10,0,15,6,0,1,1,0.1,3
2015-07-22,78,95,87,72,77,75,49,91,29.91,29.99,29.95,4,10,10,0,22,8,0,1,0,0.04,1
2015-07-28,74,98,86,68,76,72,42,94,29.94,30.03,29.98,6,10,10,0,9,2,0,0,0,0,1
2015-07-29,78,99,89,73,76,74,45,91,29.95,30.05,30.0,10,10,10,0,17,5,0,1,1,1e-16,3
2015-08-01,71,94,83,61,70,65,33,87,29.87,29.96,29.92,10,10,10,0,16,5,0,0,0,0,2
2015-08-04,74,98,86,69,76,73,42,94,29.91,29.99,29.95,9,10,10,0,13,5,0,0,0,0,1
2015-08-05,79,96,88,70,76,74,46,91,29.96,30.04,30.0,10,10,10,0,15,8,0,1,1,0.06,1
2015-08-12,75,98,87,67,77,72,38,100,29.94,30.04,29.99,7,10,9,0,13,3,0,0,0,0,3
2015-08-13,71,98,85,66,76,68,38,84,29.92,30.02,29.97,10,10,10,0,12,3,0,0,0,0,1
2015-08-15,73,96,85,64,74,71,35,94,29.93,30.03,29.99,4,10,9,0,22,5,0,0,0,0,1
2015-08-16,73,89,81,70,75,72,63,87,29.95,30.0,29.98,7,10,10,4,16,7,0,1,1,0.04,2
2015-08-17,74,92,83,72,74,73,52,94,29.9,30.0,29.97,6,10,10,0,17,7,0,1,0,0.02,1
2015-08-18,75,89,82,73,78,74,68,94,29.89,29.98,29.95,5,10,10,0,23,4,0,1,1,0.15,2
2015-08-19,74,84,79,71,75,73,70,94,29.88,30.02,29.94,0,10,7,0,24,6,1,1,0,2.16,2
2015-08-21,73,91,82,72,76,73,59,94,29.97,30.09,30.01,1,10,8,0,21,4,0,1,1,0.48,1
2015-08-22,71,92,82,70,77,72,59,94,29.98,30.05,30.01,0,10,7,0,28,3,1,1,1,0.59,1
2015-08-23,72,95,84,71,77,74,49,93,29.94,30.07,30.01,8,10,10,0,10,2,0,0,0,0,1
2015-08-24,78,95,87,71,78,75,52,91,29.94,30.05,30.0,8,10,10,0,12,5,0,0,0,0,1
2015-08-25,68,90,79,57,71,63,37,87,29.98,30.07,30.02,10,10,10,0,12,4,0,0,0,0,2
2015-08-28,63,91,77,59,68,62,38,87,29.95,30.05,29.99,10,10,10,0,8,3,0,0,0,0,2
2015-08-29,67,91,79,62,70,67,41,93,29.97,30.07,30.02,8,10,10,0,9,3,0,0,0,0,3
2015-08-31,71,90,81,66,74,71,50,93,30.0,30.08,30.04,5,10,9,0,10,3,0,0,0,0,1
2015-09-01,72,93,83,63,73,70,38,93,30.01,30.1,30.05,6,10,9,0,12,4,0,0,0,0,2
2015-09-03,74,93,84,68,74,72,44,93,29.89,30.01,29.96,7,10,10,0,17,5,0,0,0,0,2
2015-09-04,74,94,84,71,76,73,52,94,29.94,30.01,29.97,10,10,10,0,25,4,0,0,0,0,1
2015-09-06,72,94,83,68,77,72,52,100,29.92,30.03,29.98,5,10,9,0,33,3,0,1,1,0.17,2
2015-09-08,73,94,84,65,75,71,41,94,29.86,29.99,29.93,0,10,7,0,32,3,0,1,0,0.6,1
2015-09-09,71,90,81,69,74,72,52,93,29.88,29.98,29.93,6,10,10,0,14,4,0,1,0,1e-16,1
2015-09-10,74,90,82,70,75,73,59,94,29.92,29.98,29.94,3,10,10,0,25,5,0,1,1,0.1,1
2015-09-11,72,78,75,71,73,72,82,100,29.88,29.99,29.95,1,10,9,0,16,4,0,1,0,0.6,1
2015-09-13,54,81,68,47,58,51,30,90,30.01,30.12,30.06,10,10,10,0,15,5,0,0,0,0,1
2015-09-14,55,85,70,51,66,57,37,93,30.06,30.15,30.1,10,10,10,0,15,6,0,0,0,0,1
2015-09-15,68,89,79,64,70,67,50,90,30.1,30.17,30.13,10,10,10,4,15,8,0,0,0,0,1
2015-09-17,70,93,82,64,73,69,41,100,29.93,30.08,30.03,0,10,7,0,13,4,1,0,0,0,1
2015-09-20,70,97,84,62,70,67,34,90,29.88,30.0,29.94,9,10,10,0,14,2,0,0,0,0,3
2015-09-22,64,90,77,54,66,61,29,93,29.96,30.06,30.01,6,10,9,0,14,5,0,0,0,0,1
2015-09-24,68,90,79,63,67,65,41,90,29.95,30.04,30.0,10,10,10,0,17,5,0,0,0,0,1
2015-09-29,72,89,81,68,72,71,55,93,29.76,29.86,29.8,7,10,10,0,10,4,0,1,0,0.01,4
2015-10-01,65,85,75,46,64,58,39,87,29.87,29.97,29.93,10,10,10,0,16,6,0,0,0,0,4
2015-10-01,65,85,75,46,64,58,39,87,29.87,29.97,29.93,10,10,10,0,16,6,0,0,0,0,4
2015-10-04,53,66,60,48,53,51,58,89,29.87,29.97,29.92,10,10,10,0,12,4,0,0,0,0,3
2015-10-07,64,91,78,61,70,64,41,93,29.97,30.07,30.01,8,10,10,0,9,3,0,0,0,0,1
2015-10-09,64,92,78,58,67,63,34,93,29.99,30.12,30.05,7,10,10,0,9,2,0,0,0,0,3
2015-10-11,53,83,68,49,58,53,33,93,29.9,30.08,29.99,8,10,10,0,10,3,0,0,0,0,3
2015-10-13,55,90,73,42,71,61,29,93,29.86,29.97,29.91,5,10,10,0,14,5,0,0,0,1e-16,2
2015-10-16,55,95,75,45,57,52,20,93,30.07,30.21,30.14,7,10,10,0,12,3,0,0,0,0,1
2015-10-17,57,79,68,29,49,37,16,60,30.19,30.3,30.24,10,10,10,0,17,7,0,0,0,0,1
2015-10-18,49,80,65,25,35,31,13,46,30.24,30.38,30.29,10,10,10,4,17,9,0,0,0,0,5
2015-10-19,45,80,63,33,56,46,37,87,30.19,30.31,30.26,10,10,10,0,15,6,0,0,0,0,1
2015-10-20,55,82,69,49,64,59,51,87,30.14,30.23,30.19,10,10,10,4,18,10,0,0,0,0,1
2015-10-22,64,82,73,62,70,66,62,93,30.07,30.17,30.12,10,10,10,5,21,10,0,0,0,0,1
2015-10-23,70,86,78,65,70,68,51,93,29.99,30.09,30.05,9,10,10,0,15,8,0,0,0,0,1
2015-10-25,68,75,72,66,72,69,87,100,29.61,29.96,29.78,1,10,4,0,25,12,0,1,0,8.6,1
2015-10-27,66,71,69,64,68,66,84,97,29.68,29.82,29.73,2,10,6,0,15,8,0,1,0,1e-16,2
2015-10-28,60,83,72,59,69,64,51,100,29.76,29.88,29.83,8,10,10,0,18,9,0,0,0,0,3
2015-10-31,68,79,74,64,76,69,79,97,29.73,29.93,29.82,0,10,6,0,21,9,1,1,1,4.28,1
2015-11-04,62,81,72,60,66,62,51,100,30.06,30.14,30.09,0,10,6,0,7,2,1,0,0,1e-16,1
2015-11-05,62,87,75,60,72,66,57,93,30.03,30.14,30.09,0,10,7,0,13,5,1,0,0,0,1
2015-11-08,53,69,61,49,61,55,63,93,30.02,30.13,30.07,5,10,10,0,16,8,0,0,0,0,1
2015-11-11,59,83,71,58,69,64,58,97,29.92,30.06,30.0,0,10,6,0,17,8,1,0,0,0,1
2015-11-13,46,70,58,34,47,41,30,93,30.18,30.28,30.24,10,10,10,0,18,6,0,0,0,0,1
2015-11-15,43,73,58,38,54,46,41,86,30.15,30.33,30.25,10,10,10,0,13,6,0,0,0,0,2
2015-11-18,50,69,60,49,57,54,57,93,29.79,29.99,29.85,1,10,7,0,12,3,0,1,0,1.22,2
2015-11-20,48,74,61,43,50,47,35,93,30.0,30.17,30.09,10,10,10,0,15,6,0,0,0,0,1
2015-11-23,32,62,47,22,37,29,23,85,30.27,30.37,30.31,10,10,10,0,10,3,0,0,0,0,2
2015-11-24,37,68,53,35,47,41,45,92,30.21,30.33,30.27,10,10,10,0,15,7,0,0,0,0,1
2015-12-03,41,60,51,36,42,38,42,80,30.18,30.38,30.3,10,10,10,0,15,4,0,0,0,0,1
2015-12-05,39,69,54,33,50,42,45,89,30.38,30.5,30.43,10,10,10,0,10,4,0,0,0,0,1
2015-12-06,47,73,60,45,55,50,49,100,30.27,30.42,30.35,10,10,10,0,7,3,0,0,0,0,2
2015-12-07,45,72,59,42,49,45,35,93,30.15,30.3,30.23,6,10,10,0,10,2,0,0,0,0,1
2015-12-09,50,77,64,47,58,53,47,93,29.94,30.06,30.0,3,10,8,0,14,4,0,0,0,0,1
2015-12-10,49,81,65,48,66,55,58,100,29.89,30.0,29.95,0,10,5,0,21,8,1,0,0,0,1
2015-12-11,64,82,73,63,68,65,54,93,29.92,30.04,29.98,4,10,9,5,21,10,0,0,0,0,1
2015-12-14,49,72,61,42,54,49,35,100,29.8,29.88,29.84,6,10,10,0,18,6,0,1,0,0.04,1
2015-12-18,37,61,49,26,37,32,28,92,30.12,30.42,30.29,10,10,10,0,13,3,0,0,0,0,1
2015-12-19,33,60,47,25,34,30,26,89,30.43,30.57,30.49,10,10,10,0,13,5,0,0,0,0,1
2015-12-20,34,69,52,30,55,44,53,89,30.16,30.45,30.31,10,10,10,0,16,7,0,0,0,0,1
2015-12-22,67,72,70,65,70,67,90,100,29.74,29.92,29.84,0,10,3,0,26,7,1,1,1,0.87,2
2015-12-23,66,79,73,63,71,67,74,93,29.62,29.79,29.68,2,10,9,4,26,14,0,1,1,0.41,1
2015-12-26,73,84,79,66,71,70,55,93,29.92,30.07,30.01,6,10,9,7,22,11,0,0,0,0,2
2015-12-29,42,57,50,40,50,43,61,89,30.0,30.14,30.08,5,10,10,0,12,3,0,1,0,0.05,2
2015-12-31,51,57,54,37,47,42,54,83,30.16,30.26,30.21,8,10,10,5,16,7,0,1,0,1e-16,1
2016-01-01,42,51,47,31,40,36,56,83,30.25,30.4,30.34,8,10,10,4,14,7,0,1,0,0.09,5
2016-01-03,38,57,48,32,37,35,43,92,30.13,30.28,30.21,8,10,10,0,12,2,0,1,0,1e-16,1
2016-01-05,30,56,43,25,39,32,46,85,30.27,30.41,30.34,10,10,10,0,14,5,0,0,0,0,2
2016-01-08,54,65,60,52,56,54,73,100,29.8,29.97,29.89,0,10,5,0,14,6,1,0,0,0,1
2016-01-09,47,70,59,37,58,52,56,93,29.72,30.0,29.81,2,10,8,0,25,11,0,1,0,1.02,2
2016-01-11,30,52,41,14,35,25,22,89,30.21,30.36,30.28,5,10,10,0,10,3,0,0,0,0,2
2016-01-12,32,61,47,27,36,32,32,89,30.23,30.34,30.27,10,10,10,0,10,3,0,0,0,0,1
2016-01-19,34,62,48,29,45,38,51,82,30.25,30.41,30.33,10,10,10,5,17,9,0,0,0,0,2
2016-01-20,48,74,61,45,58,53,49,93,30.05,30.24,30.13,10,10,10,0,13,6,0,1,0,1e-16,1
2016-01-24,27,57,42,24,37,30,35,92,30.09,30.29,30.19,6,10,9,0,13,5,0,0,0,0,2
2016-01-25,44,71,58,39,56,50,57,84,30.02,30.11,30.06,10,10,10,4,21,9,0,0,0,1e-16,1
2016-01-27,42,59,51,29,38,33,33,89,30.08,30.2,30.14,10,10,10,4,16,8,0,0,0,0,1
2016-01-30,43,73,58,39,55,49,49,89,29.97,30.08,30.02,10,10,10,0,23,9,0,0,0,0,1
2016-01-31,60,78,69,53,59,56,43,84,29.87,29.98,29.93,10,10,10,4,24,10,0,0,0,1e-16,1
2016-02-01,60,79,70,58,66,63,58,100,29.78,29.96,29.89,0,10,6,0,16,8,1,0,0,0,1
2016-02-03,45,66,56,26,54,39,26,93,29.87,30.21,30.04,10,10,10,0,16,6,0,1,0,0.02,1
2016-02-04,34,55,45,22,32,28,30,82,30.22,30.45,30.35,10,10,10,0,18,7,0,0,0,0,1
2016-02-05,30,57,44,15,31,24,20,89,30.37,30.53,30.45,8,10,10,0,9,2,0,0,0,0,2
2016-02-06,32,57,44,16,30,24,21,85,30.25,30.38,30.32,10,10,10,0,8,3,0,0,0,0,3
2016-02-09,40,57,49,12,25,18,19,45,30.1,30.24,30.16,10,10,10,8,25,14,0,0,0,0,1
2016-02-10,34,59,47,18,37,25,24,61,30.2,30.39,30.29,10,10,10,0,18,8,0,0,0,0,1
2016-02-12,53,75,64,38,58,53,46,100,30.17,30.3,30.23,0,10,7,4,18,8,1,0,0,0,1
2016-02-13,44,64,54,31,38,34,31,71,30.27,30.45,30.35,10,10,10,0,16,6,0,0,0,0,1
2016-02-14,42,70,56,32,54,45,47,78,29.99,30.26,30.12,10,10,10,5,20,9,0,0,0,0,1
2016-02-17,45,70,58,31,47,37,23,83,30.04,30.3,30.22,10,10,10,0,13,5,0,0,0,0,1
2016-02-20,52,79,66,51,62,57,50,100,30.09,30.23,30.16,6,10,10,0,18,8,0,0,0,0,2
2016-02-21,60,77,69,57,63,60,54,97,30.01,30.13,30.07,3,10,9,0,14,6,0,0,0,0,2
2016-02-24,45,60,53,28,44,36,37,50,29.64,30.17,29.9,8,10,10,4,29,14,0,1,0,1e-16,1
2016-02-25,39,69,54,18,37,31,15,79,30.16,30.36,30.22,10,10,10,0,23,9,0,0,0,0,1
2016-03-01,58,79,69,54,63,60,48,97,29.97,30.14,30.05,2,10,8,4,21,8,0,1,0,0.03,3
2016-03-01,58,79,69,54,63,60,48,97,29.97,30.14,30.05,2,10,8,4,21,8,0,1,0,0.03,3
2016-03-04,47,73,60,44,49,46,38,93,30.07,30.19,30.12,9,10,10,0,13,3,0,0,0,0,1
2016-03-06,47,77,62,37,48,45,25,86,30.12,30.28,30.19,10,10,10,0,15,7,0,0,0,0,2
2016-03-11,63,69,66,60,66,63,73,100,29.9,30.15,30.01,1,10,6,0,25,7,0,1,0,3.21,1
2016-03-12,59,71,65,57,66,63,79,100,29.86,30.03,29.95,0,10,7,0,22,5,1,1,0,0.72,1
2016-03-13,60,80,70,57,64,60,48,97,29.81,29.92,29.87,0,10,9,0,20,10,1,0,0,0,1
2016-03-14,64,84,74,56,64,62,47,87,29.82,29.92,29.86,10,10,10,6,20,11,0,0,0,0,1
2016-03-16,65,81,73,62,67,65,54,93,29.92,30.04,29.98,2,10,7,0,14,5,0,0,0,0,1
2016-03-19,52,65,59,39,63,55,57,100,29.84,30.15,29.95,2,10,8,0,15,8,0,0,0,1e-16,2
2016-03-20,43,61,52,23,39,31,27,76,30.14,30.37,30.22,10,10,10,0,21,7,0,0,0,0,1
2016-03-23,55,76,66,48,60,55,53,86,29.92,30.12,30.02,10,10,10,5,25,12,0,0,0,0,1
2016-03-24,54,80,67,43,65,60,52,87,29.75,29.93,29.86,9,10,10,0,18,8,0,1,0,1e-16,3
2016-03-26,49,78,64,45,63,53,39,86,29.9,30.0,29.95,10,10,10,4,14,5,0,0,0,0,1
2016-03-27,62,72,67,61,67,65,84,93,29.92,30.05,29.99,0,10,6,0,14,5,1,1,1,1.29,3
2016-03-28,60,80,70,54,64,60,45,93,30.01,30.12,30.05,0,10,6,0,14,4,1,0,0,0,1
2016-03-29,56,75,66,48,60,53,49,87,30.0,30.11,30.04,10,10,10,5,21,10,0,1,0,0.01,1
2016-03-30,63,79,71,60,68,65,67,93,29.79,30.01,29.93,6,10,9,4,24,13,0,0,0,0,3
2016-03-31,73,81,77,67,71,69,69,87,29.67,29.79,29.75,6,10,9,7,24,15,0,1,0,1e-16,4
2016-04-01,55,73,64,44,70,58,49,97,29.75,29.99,29.83,1,10,7,0,24,7,0,1,1,0.29,1
2016-04-04,46,79,63,36,53,43,22,86,30.13,30.23,30.17,10,10,10,0,12,3,0,0,0,0,1
2016-04-06,55,79,67,52,60,56,46,93,29.94,30.12,30.03,7,10,10,0,24,8,0,0,0,0,1
2016-04-07,53,82,68,37,60,49,21,100,29.94,30.02,29.98,2,10,9,0,10,5,0,0,0,0,1
2016-04-08,52,78,65,29,49,39,18,77,29.98,30.15,30.09,10,10,10,0,15,5,0,0,0,0,1
2016-04-09,46,78,62,31,48,41,18,93,30.13,30.24,30.17,10,10,10,0,16,5,0,0,0,0,1
2016-04-11,62,83,73,59,67,63,51,93,29.95,30.07,30.02,10,10,10,0,26,11,0,1,0,1e-16,1
2016-04-12,63,77,70,61,68,64,69,93,30.0,30.1,30.06,8,10,10,0,17,9,0,1,0,0.11,2
2016-04-13,63,76,70,60,64,62,64,93,29.93,30.13,30.03,2,10,8,0,23,6,0,1,1,1.54,1
2016-04-15,65,76,71,61,65,64,69,93,29.87,30.0,29.92,9,10,10,4,22,11,0,1,0,1e-16,1
2016-04-18,60,79,70,56,64,60,54,97,30.13,30.21,30.17,7,10,10,4,21,12,0,0,0,0,1
2016-04-19,63,78,71,60,67,63,56,93,30.06,30.16,30.11,10,10,10,4,14,7,0,1,0,0.05,4
2016-04-22,61,81,71,53,64,60,45,93,29.95,30.03,29.99,0,10,7,0,13,5,1,0,0,0,1
2016-04-26,65,87,76,64,69,67,51,93,29.78,29.9,29.85,2,10,9,0,20,10,0,0,0,0,2
2016-04-27,66,83,75,63,71,67,51,93,29.71,29.92,29.78,2,10,10,0,26,7,0,1,1,0.31,1
2016-04-29,71,89,80,66,71,69,50,93,29.8,29.91,29.87,4,10,8,4,23,12,0,0,0,0,1
2016-04-30,67,78,73,64,72,68,74,93,29.71,29.86,29.79,1,10,8,4,24,9,0,1,0,1.62,2
2016-05-01,66,72,69,62,68,66,81,93,29.83,29.98,29.9,1,10,7,0,23,5,0,1,1,1.63,3
2016-05-01,66,72,69,62,68,66,81,93,29.83,29.98,29.9,1,10,7,0,23,5,0,1,1,1.63,3
2016-05-02,64,80,72,62,67,64,58,93,29.91,30.05,29.96,2,10,8,0,14,3,0,1,0,0.16,1
2016-05-05,56,80,68,41,55,48,27,84,29.88,30.0,29.93,10,10,10,0,15,5,0,0,0,0,2
2016-05-07,50,82,66,45,55,49,28,89,30.0,30.11,30.05,10,10,10,0,13,4,0,0,0,0,2
2016-05-08,55,83,69,53,58,56,39,93,29.96,30.05,30.01,10,10,10,0,16,7,0,0,0,0,2
2016-05-09,65,79,72,59,66,63,58,84,29.86,30.0,29.95,10,10,10,0,25,11,0,0,0,1e-16,1
2016-05-10,70,88,79,62,69,66,43,90,29.96,30.05,30.0,4,10,9,0,20,9,0,0,0,0,1
2016-05-11,66,88,77,64,71,67,48,93,30.04,30.11,30.08,2,10,8,0,13,5,0,1,0,1e-16,1
2016-05-12,66,91,79,63,70,66,44,93,30.03,30.15,30.08,6,10,9,0,13,4,0,0,0,0,2
2016-05-13,61,88,75,52,71,62,36,90,30.03,30.13,30.08,9,10,10,0,17,4,0,0,0,0,1
2016-05-14,57,89,73,49,62,55,26,84,29.99,30.1,30.05,5,10,9,0,12,3,0,0,0,0,1
2016-05-16,65,79,72,54,69,63,63,93,29.95,30.07,30.0,2,10,8,4,15,8,0,1,0,0.78,2
2016-05-17,69,85,77,66,73,68,58,90,29.85,29.96,29.91,2,10,8,0,14,5,0,1,0,0.07,1
2016-05-22,67,86,77,59,67,63,48,84,29.93,30.04,29.99,10,10,10,0,16,6,0,0,0,0,1
2016-05-24,65,91,78,63,71,67,50,93,29.99,30.09,30.05,6,10,10,0,14,7,0,0,0,0,1
2016-05-26,73,90,82,65,73,70,50,93,29.94,30.1,30.04,3,10,9,4,18,9,0,0,0,0,1
2016-05-28,69,88,79,64,70,67,50,90,29.88,30.06,29.99,10,10,10,0,18,6,0,0,0,0,1
2016-05-30,70,91,81,65,71,68,44,93,29.91,30.07,29.99,7,10,10,0,23,4,0,1,1,1e-16,1
2016-05-31,70,91,81,65,70,68,46,93,29.83,29.96,29.91,10,10,10,0,17,3,0,1,1,0.05,1
2016-06-01,69,85,77,67,72,69,61,97,29.91,30.01,29.96,8,10,10,0,13,4,0,0,0,1e-16,5
2016-06-02,72,89,81,68,73,71,52,93,29.96,30.01,29.98,1,10,8,0,28,7,0,1,0,0.45,1
2016-06-03,70,87,79,66,74,71,65,97,29.92,29.98,29.95,2,10,8,0,20,6,0,1,1,2.19,2
2016-06-04,70,81,76,67,74,70,79,97,29.83,29.96,29.9,0,10,7,0,13,5,1,1,1,0.49,1
2016-06-05,69,85,77,68,74,70,61,100,29.79,29.86,29.83,2,10,8,0,16,3,0,1,0,0.1,1
2016-06-09,74,90,82,67,72,70,50,93,29.91,30.01,29.95,10,10,10,0,12,4,0,0,0,0,2
2016-06-10,71,90,81,68,75,72,56,94,29.94,30.04,30.0,3,10,10,0,24,5,0,1,1,0.91,3
2016-06-12,75,92,84,72,76,74,59,94,30.04,30.13,30.09,3,10,9,0,18,3,0,1,1,1.01,1
2016-06-15,77,94,86,72,77,75,52,91,29.93,30.04,29.99,1,10,9,0,15,9,0,0,0,0,1
2016-06-19,72,88,80,69,73,71,59,93,30.07,30.19,30.13,8,10,10,0,16,5,0,1,1,0.01,1
2016-06-25,73,96,85,69,75,71,42,87,30.01,30.13,30.07,10,10,10,0,7,2,0,0,0,0,1
2016-07-04,77,95,86,71,79,75,56,85,29.98,30.07,30.03,0,10,9,0,32,10,0,1,1,0.54,2
2016-07-05,82,94,88,71,77,75,52,79,30.02,30.1,30.05,10,10,10,0,18,9,0,0,0,0,1
2016-07-06,79,94,87,67,77,74,52,85,30.02,30.12,30.06,10,10,10,4,28,9,0,1,1,1e-16,3
2016-07-07,78,95,87,71,76,74,49,85,29.99,30.08,30.03,10,10,10,0,16,8,0,0,0,0,2
2016-07-08,79,95,87,68,76,73,42,91,29.99,30.11,30.04,10,10,10,0,15,6,0,0,0,0,1
2016-07-09,77,95,86,70,76,73,46,91,29.99,30.1,30.05,10,10,10,0,21,5,0,1,0,1e-16,1
2016-07-10,73,95,84,70,76,73,49,91,29.97,30.06,30.02,10,10,10,0,26,5,0,1,1,0.45,1
2016-07-13,74,96,85,67,76,72,46,94,30.03,30.12,30.07,0,10,9,0,24,5,0,1,1,0.36,2
2016-07-15,73,86,80,69,75,72,69,94,29.96,30.09,30.04,1,10,8,0,18,4,0,1,1,0.4,1
2016-07-16,72,93,83,68,75,72,47,94,30.0,30.08,30.04,2,10,8,0,14,3,0,1,0,1e-16,1
2016-07-17,73,92,83,70,75,73,56,93,30.04,30.14,30.1,2,10,10,0,20,3,0,1,1,0.19,3
2016-07-18,75,95,85,71,76,74,46,94,30.14,30.22,30.16,8,10,10,0,23,5,0,0,0,1e-16,2
2016-07-20,76,96,86,70,76,73,46,94,30.09,30.19,30.14,10,10,10,0,12,3,0,0,0,1e-16,1
2016-07-21,77,96,87,73,76,75,53,91,30.04,30.15,30.09,9,10,10,0,12,4,0,1,1,1e-16,1
2016-07-23,75,95,85,71,78,74,52,94,29.92,30.02,29.97,0,10,8,0,29,3,0,1,1,0.01,2
2016-07-24,76,91,84,73,77,74,56,88,29.94,30.0,29.96,7,10,9,0,16,4,0,1,0,0.05,1
2016-07-26,74,91,83,72,75,74,56,94,29.89,29.96,29.92,1,10,9,0,17,5,0,1,1,0.92,1
2016-08-01,75,96,86,72,76,74,52,94,30.0,30.1,30.05,8,10,10,0,21,3,0,1,1,1e-16,1
2016-08-02,77,97,87,72,78,75,49,91,29.98,30.12,30.06,8,10,10,0,9,3,0,0,0,0,3
2016-08-04,76,97,87,73,79,76,48,94,29.9,30.0,29.96,2,10,9,0,22,5,0,1,1,0.22,2
2016-08-05,75,95,85,73,78,75,49,100,29.92,30.0,29.96,6,10,9,0,17,3,0,0,1,0,1
2016-08-06,75,95,85,73,78,76,56,100,29.89,30.0,29.95,1,10,8,0,29,6,0,1,1,0.62,2
2016-08-08,75,90,83,74,78,75,64,100,29.83,29.94,29.9,2,10,8,0,22,4,0,1,0,0.72,1
2016-08-09,78,94,86,73,78,76,52,97,29.87,29.96,29.91,8,10,10,0,24,4,0,1,0,1e-16,2
2016-08-14,72,82,77,68,75,73,79,93,29.92,30.01,29.96,4,10,9,5,16,11,0,1,1,0,1
2016-08-15,75,90,83,75,78,76,74,100,29.99,30.09,30.03,1,10,8,0,17,8,0,1,0,0.17,1
2016-08-19,75,92,84,73,78,75,59,100,29.96,30.05,29.99,6,10,9,0,18,4,0,1,1,1e-16,2
2016-08-20,76,93,85,72,78,75,52,97,29.89,29.96,29.93,1,10,9,0,24,5,0,1,1,0.29,1
2016-08-22,73,96,85,72,76,74,52,100,30.04,30.16,30.09,0,10,7,0,21,2,1,0,1,1e-16,1
2016-08-24,77,96,87,73,78,76,49,100,30.06,30.17,30.11,6,10,10,0,17,3,0,1,1,1e-16,1
2016-08-25,76,93,85,74,79,76,66,97,30.03,30.11,30.07,1,10,9,0,18,4,0,1,1,0.4,1
2016-08-28,75,91,83,72,78,74,56,100,29.95,30.03,29.98,0,10,9,0,31,6,1,1,1,0.7,1
2016-08-29,75,92,84,73,76,75,60,100,29.92,30.01,29.97,1,10,9,0,16,5,0,1,1,0.41,2
2016-08-30,74,94,84,73,77,74,52,100,29.87,29.98,29.93,5,10,10,0,22,4,0,1,0,0.02,1
2016-09-02,76,93,85,72,75,74,52,94,29.84,29.95,29.9,7,10,10,0,13,6,0,0,0,0,1
2016-09-05,75,88,82,74,78,75,75,100,30.04,30.14,30.1,0,10,8,0,20,4,1,1,1,0.11,1
2016-09-06,76,91,84,74,77,76,59,100,30.11,30.2,30.14,1,10,8,0,13,3,0,1,0,0.01,1
2016-09-07,75,93,84,72,77,74,56,100,30.08,30.19,30.13,5,10,9,0,14,5,0,0,0,0,4
2016-09-09,72,92,82,71,77,74,56,100,29.97,30.04,30.01,7,10,10,0,18,4,0,1,1,0.55,1
2016-09-11,73,93,83,71,75,73,52,100,29.99,30.09,30.05,2,10,8,0,18,4,0,1,1,0.66,1
2016-09-13,72,91,82,70,76,72,59,100,29.98,30.04,30.01,2,10,9,0,24,6,0,1,1,0.08,1
2016-09-18,76,92,84,74,78,76,56,100,29.91,30.02,29.96,0,10,6,0,9,2,1,0,0,1e-16,2
2016-09-19,74,93,84,70,76,73,49,100,29.95,30.04,29.99,4,10,9,0,10,4,0,0,0,0,1
2016-09-20,73,93,83,68,73,70,46,93,29.96,30.07,30.01,10,10,10,4,13,6,0,0,0,0,3
2016-09-22,73,93,83,68,76,72,49,100,29.96,30.04,30.0,2,10,9,0,24,3,0,1,1,0.58,2
2016-09-23,72,93,83,68,75,72,44,100,29.98,30.07,30.03,6,10,9,0,22,2,0,1,0,1e-16,1
2016-10-01,57,84,71,55,63,58,40,97,30.01,30.12,30.06,10,10,10,0,12,3,0,0,0,0,3
2016-10-01,57,84,71,55,63,58,40,97,30.01,30.12,30.06,10,10,10,0,12,3,0,0,0,0,3
2016-10-03,61,87,74,57,65,61,37,93,29.88,30.0,29.94,9,10,10,0,13,4,0,0,0,0,1
2016-10-04,62,90,76,61,73,66,47,93,29.85,29.94,29.89,7,10,10,0,14,5,0,0,0,0,1
2016-10-09,53,83,68,43,55,47,26,84,30.11,30.19,30.15,10,10,10,0,14,6,0,0,0,0,1
2016-10-10,57,87,72,48,66,56,40,90,30.12,30.21,30.16,10,10,10,4,12,6,0,0,0,0,1
2016-10-11,62,86,74,52,66,61,36,100,30.12,30.24,30.17,10,10,10,0,14,6,0,0,0,0,1
2016-10-13,63,88,76,61,68,64,44,100,30.08,30.18,30.14,0,10,8,0,10,3,0,0,0,0,4
2016-10-16,69,90,80,62,71,69,41,100,29.96,30.1,30.04,0,10,6,0,9,4,1,0,0,0,1
2016-10-17,67,89,78,62,73,69,43,100,29.87,30.01,29.96,0,10,5,0,10,3,1,0,0,0,4
2016-10-18,67,91,79,62,74,69,41,100,29.91,30.01,29.96,0,10,6,0,13,4,1,0,0,0,3
2016-10-19,70,90,80,66,74,71,47,100,29.96,30.07,30.01,3,10,9,0,13,5,0,0,0,0,2
2016-10-23,45,79,62,38,53,46,23,100,30.18,30.29,30.24,10,10,10,0,8,1,0,0,0,0,1
2016-10-26,54,84,69,52,64,58,45,100,30.13,30.21,30.17,9,10,10,0,14,4,0,0,0,0,1
2016-10-27,63,86,75,60,67,64,42,93,30.15,30.24,30.19,9,10,10,0,10,4,0,0,0,0,1
2016-10-28,60,86,73,56,65,61,35,100,30.14,30.25,30.19,0,10,7,0,15,5,1,0,0,0,1
2016-10-30,57,88,73,56,65,59,34,100,30.09,30.2,30.15,0,10,6,0,10,3,1,0,0,0,1
2016-10-31,57,88,73,50,62,57,31,97,30.03,30.14,30.08,8,10,10,0,13,3,0,0,0,0,4
2016-12-05,53,66,60,52,64,56,93,100,29.66,29.93,29.8,2,10,6,5,22,8,0,1,0,0.96,1
2016-12-06,52,62,57,51,59,52,80,93,29.71,30.05,29.91,3,10,9,0,26,8,0,1,0,1e-16,1
2016-12-08,41,53,47,27,51,41,50,96,30.17,30.51,30.34,4,10,9,5,20,11,0,1,0,0.01,2
2016-12-09,34,53,44,18,29,22,26,64,30.48,30.59,30.53,10,10,10,4,17,9,0,0,0,0,1
2016-12-10,30,57,44,17,33,25,22,85,30.35,30.56,30.46,10,10,10,0,16,5,0,0,0,0,1
2016-12-12,58,81,70,55,68,65,58,100,29.98,30.07,30.02,1,10,8,0,17,6,0,1,1,0.55,1
2016-12-16,39,69,54,32,65,45,62,87,29.95,30.22,30.09,10,10,10,4,18,9,0,0,0,1e-16,1
2016-12-17,69,82,76,66,70,68,62,93,29.84,29.94,29.9,10,10,10,9,28,14,0,0,0,1e-16,1
2016-12-19,32,50,41,24,28,26,42,75,30.46,30.56,30.51,10,10,10,5,17,10,0,0,0,0,1
2016-12-24,60,81,71,59,67,64,54,100,30.14,30.22,30.18,0,10,6,0,15,6,1,0,0,0,3
2016-12-28,65,76,71,64,69,66,74,100,30.04,30.17,30.12,0,10,5,0,16,6,1,0,0,0.06,1
2017-01-01,64,72,68,63,70,65,93,100,29.88,29.98,29.92,0,10,5,0,15,4,1,1,1,0.76,5
2017-01-03,53,73,63,51,60,55,48,100,29.91,29.99,29.94,0,10,4,0,15,2,1,0,0,0,1
2017-01-07,21,37,29,13,22,17,42,78,30.34,30.73,30.57,10,10,10,4,18,13,0,0,0,0,1
2017-01-10,53,76,65,46,60,54,50,89,30.14,30.28,30.2,10,10,10,6,24,11,0,0,0,0,2
2017-01-11,58,78,68,58,64,62,60,100,30.11,30.2,30.15,5,10,10,4,25,11,0,1,0,1e-16,3
2017-01-15,55,74,65,56,63,61,64,100,30.1,30.29,30.2,0,10,7,0,14,8,1,0,0,0,2
2017-01-16,62,81,72,63,67,65,62,100,30.06,30.15,30.1,2,10,9,6,22,10,0,0,0,1e-16,1
2017-01-18,63,82,73,63,69,66,58,100,29.99,30.14,30.07,0,10,7,0,20,8,1,0,0,0,1
2017-01-19,60,72,66,60,70,66,87,100,29.78,29.99,29.88,1,10,7,0,21,7,0,1,1,4.9,1
2017-01-21,60,75,68,58,70,64,68,97,29.47,29.73,29.61,0,10,7,0,21,9,1,1,1,1.67,1
2017-01-22,55,70,63,38,67,53,37,93,29.43,29.68,29.52,2,10,8,0,28,14,0,1,0,0.08,1
2017-01-24,42,74,58,40,53,45,31,96,29.84,29.96,29.89,10,10,10,0,17,7,0,0,0,0,1
2017-01-27,36,54,45,18,31,26,26,76,30.25,30.33,30.27,10,10,10,0,17,5,0,0,0,0,2
2017-01-28,40,59,50,19,37,28,23,76,30.15,30.31,30.22,10,10,10,0,20,7,0,0,0,0,1
2017-01-29,38,67,53,27,34,30,24,76,30.1,30.22,30.17,10,10,10,5,23,9,0,0,0,0,2
2017-01-30,38,75,57,34,47,38,25,92,30.14,30.25,30.18,10,10,10,0,16,7,0,0,0,0,2
2017-02-01,57,79,68,53,59,56,45,86,30.04,30.14,30.09,10,10,10,0,20,9,0,0,0,0,1
2017-02-02,53,79,66,53,63,57,45,100,30.12,30.23,30.17,1,10,7,0,12,5,0,1,0,0.01,1
2017-02-04,40,64,52,22,43,31,30,70,30.22,30.4,30.31,8,10,10,0,15,6,0,0,0,0,1
2017-02-06,63,80,72,54,64,61,42,100,29.95,30.17,30.08,2,10,6,4,21,11,0,0,0,0,2
2017-02-08,65,84,75,63,68,65,51,93,29.76,29.98,29.83,3,10,8,4,21,10,0,0,0,0,1
2017-02-10,42,76,59,34,63,50,46,81,30.15,30.36,30.26,10,10,10,5,17,10,0,0,0,0,2
2017-02-11,67,81,74,63,68,66,62,90,30.1,30.17,30.13,5,10,9,7,23,13,0,0,0,1e-16,3
2017-02-12,68,83,76,64,68,66,55,90,30.09,30.2,30.14,6,10,9,4,16,9,0,0,0,0,1
2017-02-13,62,75,69,47,66,54,46,93,30.01,30.23,30.13,6,10,10,0,14,5,0,0,0,0,1
2017-02-14,54,77,66,51,65,59,50,93,29.73,29.99,29.88,5,10,9,0,26,10,0,1,0,0.1,1
2017-02-15,43,59,51,37,51,43,47,93,29.81,30.09,29.96,5,10,10,0,20,8,0,0,0,0,1
2017-02-18,54,70,62,53,59,57,70,100,29.85,29.95,29.9,0,10,6,0,12,4,1,0,0,0,1
2017-02-21,56,73,65,51,59,57,49,97,29.84,29.99,29.92,2,10,9,0,24,6,0,1,1,0.24,1
2017-02-22,57,77,67,52,57,55,43,93,29.78,29.88,29.83,8,10,10,0,12,4,0,0,0,1e-16,1
2017-02-26,40,70,55,30,56,41,36,78,30.05,30.19,30.12,10,10,10,5,18,10,0,0,0,1e-16,1
2017-02-27,61,81,71,55,70,64,62,100,30.01,30.11,30.06,2,10,8,0,25,9,0,1,0,0.47,4
2017-03-01,64,84,74,46,68,64,48,84,29.94,30.14,30.01,6,10,9,4,18,11,0,1,1,0.06,2
2017-03-01,64,84,74,46,68,64,48,84,29.94,30.14,30.01,6,10,9,4,18,11,0,1,1,0.06,2
2017-03-04,43,71,57,30,50,42,34,83,30.36,30.53,30.44,10,10,10,0,17,8,0,0,0,1e-16,1
2017-03-05,56,67,62,48,62,55,60,93,30.2,30.35,30.27,6,10,10,5,15,8,0,1,0,0.08,2
2017-03-08,53,76,65,38,57,49,33,80,30.24,30.36,30.29,10,10,10,4,21,9,0,0,0,0,1
2017-03-09,57,81,69,57,68,63,58,100,30.11,30.26,30.19,2,10,9,0,15,5,0,1,1,0.19,2
2017-03-10,65,82,74,60,66,65,51,100,30.09,30.2,30.14,6,10,9,0,13,5,0,0,1,1e-16,1
2017-03-11,55,70,63,54,63,60,67,93,30.09,30.2,30.13,6,10,9,0,17,8,0,1,0,0.1,2
2017-03-15,41,61,51,31,41,36,39,86,30.28,30.43,30.36,10,10,10,0,15,6,0,0,0,0,2
2017-03-17,53,78,66,48,57,54,50,89,30.25,30.34,30.3,10,10,10,4,17,8,0,0,0,0,1
2017-03-18,53,82,68,53,64,59,47,100,30.22,30.34,30.28,6,10,10,0,14,5,0,0,0,0,1
2017-03-20,62,83,73,57,64,62,43,100,30.11,30.25,30.18,6,10,10,4,17,9,0,0,0,0,1
2017-03-21,66,84,75,59,65,63,44,93,30.05,30.2,30.13,6,10,10,5,15,9,0,0,0,0,1
2017-03-23,58,86,72,56,66,60,40,93,30.12,30.22,30.17,7,10,9,0,18,8,0,0,0,0,1
2017-03-24,68,82,75,60,66,64,47,93,30.05,30.17,30.12,6,10,8,8,26,14,0,0,0,0,1
2017-03-25,61,75,68,57,67,61,60,90,29.95,30.11,30.04,1,10,7,0,26,9,0,1,1,0.96,2
2017-03-27,67,84,76,60,69,65,47,100,29.9,29.99,29.95,2,10,7,0,22,10,0,0,0,0,1
2017-03-28,69,86,78,63,70,67,48,97,29.9,30.01,29.95,4,10,8,0,17,8,0,0,0,0,1
2017-03-31,54,84,69,48,60,55,31,100,29.83,29.93,29.87,2,10,8,0,9,2,0,0,0,0,1
2017-04-01,57,85,71,55,61,57,37,97,29.94,30.03,29.98,7,10,10,0,22,8,0,0,0,0,4
2017-04-04,57,87,72,49,64,59,27,100,29.73,29.84,29.79,6,10,10,0,15,5,0,0,0,0,3
2017-04-07,49,76,63,34,49,43,26,93,30.13,30.26,30.19,10,10,10,0,15,4,0,0,0,0,1
2017-04-08,47,80,64,43,53,47,30,93,30.02,30.17,30.11,10,10,10,0,12,4,0,0,0,0,2
2017-04-09,53,81,67,46,56,51,32,93,30.03,30.11,30.07,9,10,10,0,18,8,0,0,0,0,1
2017-04-10,57,81,69,55,63,58,45,93,30.07,30.18,30.13,10,10,10,0,17,7,0,0,0,0,2
2017-04-11,62,84,73,59,67,62,47,93,30.13,30.22,30.17,4,10,8,0,16,7,0,1,0,0.13,2
2017-04-12,61,83,72,59,68,63,47,100,30.16,30.24,30.2,0,10,7,0,10,4,1,0,0,0,2
2017-04-15,61,83,72,60,68,65,58,93,30.1,30.17,30.13,5,10,9,0,21,6,0,1,1,0.02,2
2017-04-16,64,85,75,64,70,66,51,100,30.08,30.17,30.11,1,10,8,0,15,6,0,1,1,0.04,1
2017-04-17,66,84,75,64,70,67,55,100,30.0,30.12,30.06,1,10,7,0,21,4,0,1,1,0.22,1
2017-04-18,64,85,75,62,69,65,51,100,30.04,30.13,30.08,0,10,6,0,16,7,1,0,1,0,1
2017-04-22,63,87,75,63,71,66,50,93,29.81,29.94,29.89,1,10,9,0,20,9,0,1,1,0.33,1
2017-04-23,52,67,60,49,62,55,52,93,29.91,29.99,29.95,2,10,8,0,16,7,0,1,0,0,2
2017-04-25,52,81,67,50,63,57,45,93,29.71,29.83,29.77,10,10,10,0,18,8,0,0,0,0,1
2017-04-26,67,86,77,61,73,66,55,88,29.56,29.71,29.66,6,10,10,4,25,12,0,1,0,0.03,1
2017-04-27,58,82,70,52,65,57,40,87,29.71,29.87,29.78,10,10,10,0,12,6,0,0,0,0,2
2017-04-29,77,90,84,71,73,72,56,88,29.79,29.91,29.85,10,10,10,12,31,18,0,0,0,0,1
2017-04-30,59,80,70,54,72,68,64,100,29.7,29.94,29.81,0,10,8,0,33,10,1,1,1,2.83,2
2017-05-01,52,81,67,44,58,51,28,93,29.94,30.03,29.99,10,10,10,0,13,3,0,0,0,0,3
2017-05-01,52,81,67,44,58,51,28,93,29.94,30.03,29.99,10,10,10,0,13,3,0,0,0,0,3
2017-05-02,54,86,70,44,60,54,25,100,29.97,30.1,30.03,10,10,10,0,12,4,0,0,0,0,1
2017-05-04,51,64,58,47,63,56,56,100,29.7,29.94,29.83,2,10,9,0,23,10,0,1,1,0.09,1
2017-05-08,57,85,71,53,62,58,39,100,30.02,30.12,30.06,9,10,10,0,15,4,0,0,0,0,1
2017-05-09,57,85,71,57,63,60,43,100,30.01,30.12,30.06,9,10,10,0,14,5,0,0,0,0,1
2017-05-10,60,85,73,59,65,62,44,100,30.01,30.09,30.05,5,10,10,0,14,6,0,0,0,0,3
2017-05-11,66,85,76,63,68,66,51,93,29.88,30.05,29.98,6,10,10,0,16,7,0,0,0,0,2
2017-05-12,65,83,74,60,72,68,65,97,29.71,29.91,29.8,1,10,8,4,23,6,0,1,1,1.11,1
2017-05-13,63,79,71,60,64,62,60,93,29.78,29.91,29.84,10,10,10,4,14,7,0,0,0,0,1
2017-05-14,58,86,72,58,66,61,40,97,29.91,30.0,29.95,9,10,10,0,9,3,0,0,0,0,1
2017-05-15,63,88,76,61,67,64,42,93,29.93,30.01,29.97,5,10,9,0,12,5,0,0,0,0,1
2017-05-16,63,88,76,58,70,63,37,100,29.92,30.01,29.96,5,10,9,0,20,8,0,0,0,0,1
2017-05-17,69,87,78,62,71,67,43,100,29.85,29.97,29.91,6,10,9,6,22,10,0,0,0,0,2
2017-05-19,75,91,83,70,74,73,55,94,29.88,29.97,29.93,8,10,10,5,18,10,0,0,0,1e-16,1
2017-05-20,68,90,79,67,74,72,56,100,29.88,30.0,29.93,1,10,8,0,29,7,0,1,1,0.68,1
2017-05-22,67,75,71,67,70,68,87,100,29.82,30.08,29.99,0,10,8,0,16,7,1,1,0,0.76,2
2017-05-26,67,87,77,60,71,66,44,87,29.89,30.01,29.96,10,10,10,7,21,11,0,0,0,0,1
2017-05-27,76,90,83,71,75,73,59,91,29.91,30.04,29.97,9,10,10,6,21,12,0,0,0,0,1
2017-05-31,70,87,79,66,74,71,61,100,30.0,30.07,30.03,3,10,9,0,22,5,0,1,1,0.33,3
2017-06-03,73,86,80,71,76,73,69,100,29.9,29.98,29.93,6,10,10,0,23,8,0,1,1,1e-16,2
2017-06-05,71,85,78,70,75,72,61,100,29.69,29.83,29.77,1,10,9,0,15,4,0,1,1,0.41,1
2017-06-07,66,87,77,56,71,66,42,100,29.74,29.9,29.82,10,10,10,4,15,6,0,1,0,1e-16,3
2017-06-10,66,89,78,61,69,65,40,100,29.93,30.01,29.97,4,10,9,0,13,6,0,0,0,0,1
2017-06-11,69,89,79,68,77,73,63,100,29.96,30.06,30.0,2,10,9,0,24,7,0,1,1,0.29,2
2017-06-12,72,88,80,72,75,74,63,100,29.99,30.06,30.03,5,10,10,0,24,8,0,1,1,0.01,1
2017-06-13,71,91,81,68,75,73,50,100,29.97,30.07,30.02,1,10,9,0,20,6,0,1,1,0.89,1
2017-06-16,75,92,84,71,75,73,52,94,29.82,29.97,29.91,10,10,10,0,17,8,0,0,0,0,1
2017-06-17,74,90,82,71,76,74,59,94,29.8,29.89,29.85,4,10,10,0,22,7,0,1,1,0.06,1
2017-06-19,69,92,81,69,75,71,49,100,29.88,29.98,29.93,10,10,10,0,15,6,0,0,0,0.07,1
2017-06-20,71,81,76,68,74,71,79,100,29.82,29.94,29.89,8,10,10,6,24,10,0,1,0,0.08,1
2017-06-22,77,86,82,73,78,76,70,94,29.67,29.85,29.74,0,10,9,9,31,15,1,1,0,0.6,1
2017-06-24,75,90,83,72,78,76,64,100,29.97,30.09,30.02,2,10,8,0,24,5,0,1,1,0.89,3
2017-06-25,73,88,81,62,75,71,59,100,30.08,30.16,30.11,4,10,9,0,14,7,0,0,0,0,1
2017-06-26,69,88,79,63,70,67,50,84,30.01,30.13,30.08,10,10,10,0,12,6,0,0,0,0,1
2017-06-30,73,92,83,69,78,75,52,100,29.97,30.05,30.01,0,10,8,0,22,10,1,0,0,0,1
2017-07-01,78,93,86,72,77,75,52,97,30.04,30.14,30.09,5,10,8,0,15,8,0,0,0,0,1
2017-08-01,73,91,82,66,74,70,47,94,29.97,30.04,30.01,9,10,10,0,12,4,0,0,0,0,1
2017-08-03,73,83,78,69,74,72,69,94,29.99,30.07,30.02,9,10,10,4,14,7,0,1,0,0.01,2
2017-08-05,74,92,83,72,76,74,56,100,29.97,30.04,30.0,5,10,9,0,20,5,0,1,1,1e-16,1
2017-08-06,75,90,83,72,77,75,59,100,29.93,30.02,29.97,1,10,9,0,29,6,0,1,1,0.47,1
2017-08-08,73,88,81,73,78,75,65,100,29.95,30.01,29.98,0,10,7,0,25,4,1,1,1,0.25,1
2017-08-13,74,93,84,71,77,74,56,100,29.89,30.0,29.94,10,10,10,0,14,5,0,0,0,0,1
2017-08-15,76,91,84,73,78,75,64,94,29.91,29.99,29.95,2,10,9,0,20,6,0,1,1,0.06,1
2017-08-17,75,94,85,72,78,75,52,100,29.97,30.11,30.05,8,10,10,0,16,6,0,0,0,1e-16,1
2017-08-21,74,94,84,73,78,74,52,94,30.04,30.12,30.08,7,10,10,0,17,4,0,1,1,0.04,1
2017-08-23,71,93,82,70,76,72,49,100,29.87,30.01,29.95,8,10,10,0,10,3,0,0,0,0,3
2017-08-25,73,89,81,67,75,72,57,94,29.88,29.99,29.94,10,10,10,5,15,8,0,0,0,1e-16,1
2017-08-26,74,94,84,71,77,74,52,93,29.93,30.01,29.97,5,10,10,0,23,7,0,1,1,1e-16,1
2017-09-01,70,89,80,68,73,71,55,100,29.92,30.02,29.98,2,10,9,0,9,3,0,0,0,0,1
2017-09-02,69,89,79,66,71,69,47,100,29.99,30.08,30.03,7,10,10,0,8,3,0,0,0,0,2
2017-09-03,69,89,79,65,71,68,44,93,30.05,30.12,30.08,9,10,10,0,9,4,0,0,0,0,2
2017-09-04,69,89,79,67,73,70,47,100,29.97,30.09,30.03,8,10,10,0,9,3,0,1,0,1e-16,1
2017-09-06,63,82,73,54,68,61,39,97,29.92,30.07,30.0,8,10,10,0,17,7,0,0,0,0,1
2017-09-07,58,81,70,52,61,55,36,87,30.06,30.14,30.09,10,10,10,4,16,7,0,0,0,0,1
2017-09-08,58,83,71,53,61,56,37,93,30.04,30.14,30.09,10,10,10,5,15,7,0,0,0,0,1
2017-09-09,60,86,73,56,63,60,44,90,30.01,30.1,30.06,10,10,10,5,17,8,0,0,0,0,1
2017-09-12,60,83,72,52,60,57,34,90,29.76,29.85,29.82,9,10,10,4,18,7,0,0,0,0,1
2017-09-13,61,86,74,55,67,62,48,90,29.81,29.88,29.84,10,10,10,0,16,7,0,0,0,0,1
2017-09-16,75,89,82,70,76,74,59,100,29.96,30.05,30.0,2,10,8,0,23,6,0,1,1,1e-16,1
2017-09-17,72,92,82,70,76,73,49,100,29.98,30.08,30.03,2,10,8,0,15,3,0,1,0,0.01,1
2017-09-18,71,92,82,68,75,72,47,100,29.94,30.06,30.0,6,10,9,0,13,4,0,0,0,0,1
2017-09-19,74,91,83,70,75,73,52,100,29.89,30.02,29.96,7,10,10,0,13,4,0,0,0,0,2
2017-09-21,69,93,81,67,72,70,44,100,29.94,30.04,29.99,6,10,10,0,17,3,0,1,1,0.03,1
2017-09-22,69,93,81,41,72,68,44,100,29.94,30.01,29.97,8,10,10,0,12,3,0,0,0,0,1
2017-09-23,71,92,82,66,73,70,47,100,29.89,29.97,29.93,5,10,9,0,21,5,0,0,0,0,1
2017-09-24,67,91,79,62,70,67,38,93,29.88,29.96,29.92,6,10,10,0,16,6,0,1,1,0.01,1
2017-09-30,65,91,78,58,68,63,38,79,29.96,30.05,30.0,10,10,10,0,13,6,0,0,0,0,1
2017-10-01,69,87,78,66,72,70,59,93,29.94,30.0,29.97,9,10,10,4,16,7,0,1,0,1e-16,1
2017-10-01,69,87,78,66,72,70,59,93,29.94,30.0,29.97,9,10,10,4,16,7,0,1,0,1e-16,1
2017-10-02,68,81,75,63,74,70,74,94,29.96,30.09,30.02,2,10,9,7,20,11,0,1,0,0.06,1
2017-10-06,63,90,77,60,70,65,41,93,29.84,30.03,29.94,6,10,10,0,17,8,0,0,0,1e-16,1
2017-10-08,72,90,81,70,74,72,52,100,29.63,29.78,29.7,4,10,9,0,9,5,0,0,0,0,1
2017-10-12,67,89,78,62,72,67,52,90,30.0,30.09,30.05,2,10,10,0,9,4,0,0,0,0,1
2017-10-14,69,91,80,63,72,69,43,100,30.01,30.13,30.07,3,10,8,0,14,6,0,0,0,0,1
2017-10-16,54,75,65,42,67,53,31,84,30.1,30.22,30.15,2,10,9,0,21,10,0,1,1,0.18,1
2017-10-17,48,78,63,45,58,51,40,90,30.12,30.23,30.18,9,10,10,0,14,6,0,0,0,0,1
2017-10-18,53,82,68,51,61,56,45,93,30.12,30.21,30.17,10,10,10,0,12,5,0,0,0,0,1
2017-10-19,55,84,70,52,64,59,47,97,30.11,30.21,30.16,9,10,10,4,13,6,0,0,0,0,1
2017-10-20,61,81,71,59,68,64,62,100,30.04,30.17,30.1,9,10,10,5,16,9,0,0,0,0,1
2017-10-22,60,77,69,57,73,67,66,100,29.95,30.14,30.03,2,10,9,0,28,5,0,1,1,0.4,1
2017-10-28,41,59,50,33,50,41,40,93,29.96,30.07,30.01,6,10,10,0,17,8,0,1,1,0.12,1
2017-10-29,36,62,49,29,41,36,27,92,29.99,30.1,30.04,10,10,10,0,13,3,0,0,0,0,1
2017-10-31,49,78,64,47,57,51,36,100,30.05,30.16,30.1,2,10,9,0,13,5,0,0,0,0,1
2017-11-01,60,69,65,57,67,65,87,93,29.93,30.06,29.98,1,10,6,4,21,7,0,1,1,1.76,3
2017-11-02,68,84,76,67,70,68,61,97,30.0,30.11,30.05,6,10,10,4,20,9,0,0,0,0,2
2017-11-03,67,85,76,65,71,68,55,100,30.06,30.18,30.12,0,10,6,0,13,5,1,0,0,0,2
2017-11-04,65,84,75,64,70,67,58,100,30.0,30.12,30.07,0,10,5,0,10,4,1,0,0,0,2
2017-11-05,65,84,75,65,70,67,55,100,29.99,30.08,30.03,1,10,7,0,16,8,0,0,0,0,1
2017-11-07,68,84,76,66,71,69,55,100,30.01,30.12,30.07,0,10,7,0,12,5,1,0,0,0,2
2017-11-09,49,60,55,47,52,51,72,96,30.12,30.22,30.17,2,10,9,0,12,6,0,1,0,0.03,1
2017-11-10,45,70,58,38,46,43,32,93,30.18,30.27,30.22,10,10,10,4,16,6,0,0,0,0,1
2017-11-12,55,79,67,53,63,59,56,100,30.17,30.28,30.21,7,10,10,0,13,6,0,0,0,0,1
2017-11-13,56,75,66,53,58,56,53,97,30.22,30.32,30.26,7,10,9,0,15,7,0,0,0,0,1
2017-11-15,49,76,63,48,58,54,46,100,30.04,30.12,30.08,3,10,9,0,10,3,0,0,0,0,1
2017-11-21,41,68,55,40,55,49,58,96,29.94,30.06,30.01,6,10,10,0,14,5,0,1,0,0.09,1
2017-11-22,43,66,55,30,52,43,44,93,30.06,30.19,30.13,10,10,10,4,17,9,0,0,0,0,1
2017-11-23,34,62,48,24,35,30,23,89,30.04,30.17,30.1,10,10,10,0,13,5,0,0,0,0,1
2017-11-24,33,66,50,21,39,31,19,96,29.96,30.07,30.01,8,10,10,0,8,2,0,0,0,0,1
2017-11-25,36,73,55,34,48,42,35,93,29.99,30.13,30.05,6,10,9,0,8,2,0,0,0,0,2
2017-11-26,42,71,57,40,45,43,33,93,30.13,30.25,30.19,10,10,10,0,13,5,0,0,0,0,1
2017-11-27,38,70,54,30,41,36,23,92,30.12,30.23,30.17,9,10,10,0,12,3,0,0,0,0,1
2017-11-28,37,75,56,36,56,48,46,93,30.12,30.2,30.15,10,10,10,0,13,6,0,0,0,0,1
2017-11-29,55,78,67,53,64,61,60,93,30.11,30.22,30.17,6,10,10,0,10,4,0,0,0,0,1
2017-12-03,48,72,60,48,56,51,53,100,30.09,30.21,30.15,0,10,5,0,12,4,1,0,0,0,1
2017-12-04,53,79,66,50,64,59,56,93,30.01,30.12,30.07,5,10,9,0,17,6,0,0,0,0,1
2017-12-05,49,82,66,43,69,60,58,100,30.02,30.21,30.1,0,10,7,0,17,8,1,1,1,1.29,1
2017-12-07,37,44,41,35,41,39,83,96,30.18,30.32,30.23,2,10,8,0,14,6,0,1,0,0.9,1
2017-12-13,31,61,46,27,43,34,27,96,29.98,30.18,30.09,8,10,10,0,15,6,0,0,0,0,1
2017-12-20,54,77,66,53,69,64,46,100,29.91,30.01,29.97,2,10,9,0,24,9,0,1,0,0.38,2
2017-12-21,47,78,63,46,67,56,39,100,29.98,30.07,30.02,0,10,7,0,15,6,1,0,0,0,1
2017-12-26,40,54,47,25,46,38,49,93,30.23,30.35,30.29,2,10,8,6,16,9,0,1,0,0.1,2
2017-12-28,37,46,42,32,39,35,67,92,30.34,30.44,30.39,2,10,8,5,12,7,0,1,0,0.1,1
2017-12-30,49,63,56,40,48,44,48,77,30.12,30.24,30.17,10,10,10,0,12,4,0,1,0,1e-16,1
2017-12-31,26,49,38,10,47,35,50,100,30.1,30.51,30.26,2,10,7,5,20,12,0,1,0,0.01,1
2018-01-01,22,35,29,5,11,8,35,59,30.5,30.66,30.59,10,10,10,7,18,11,0,0,0,0,4
2018-01-04,22,49,36,15,21,17,26,88,30.3,30.39,30.34,10,10,10,0,13,4,0,0,0,0,1
2018-01-05,26,52,39,8,24,18,17,78,30.36,30.47,30.41,8,10,10,0,9,1,0,0,0,0,1
2018-01-06,27,61,44,16,34,24,18,92,30.35,30.45,30.4,10,10,10,0,14,5,0,0,0,0,3
2018-01-07,40,62,51,32,55,45,55,100,29.99,30.33,30.15,2,10,8,6,24,11,0,1,1,0.49,1
2018-01-08,52,59,56,49,58,55,86,100,29.89,30.06,29.93,0,10,6,0,21,8,1,1,1,0.87,1
2018-01-09,49,57,53,48,55,51,80,100,30.04,30.15,30.08,1,10,7,0,12,5,0,1,0,1e-16,1
2018-01-13,28,46,37,18,24,21,33,75,30.31,30.59,30.47,10,10,10,5,15,9,0,0,0,0,2
2018-01-15,27,59,43,23,33,27,27,92,30.35,30.46,30.4,10,10,10,0,9,2,0,0,0,0,1
2018-01-19,29,55,42,11,32,24,19,85,30.23,30.41,30.32,10,10,10,0,13,3,0,0,0,0,1
2018-01-20,39,67,53,31,57,45,62,89,30.16,30.24,30.19,10,10,10,4,16,7,0,1,0,0.09,1
2018-01-22,50,72,61,25,66,50,26,93,29.9,30.09,29.96,1,10,9,4,21,9,0,1,1,0.51,1
2018-01-23,40,64,52,18,35,27,17,76,30.1,30.28,30.19,10,10,10,0,14,6,0,0,0,0,3
2018-01-24,35,60,48,27,35,31,29,89,30.27,30.45,30.39,10,10,10,0,13,4,0,0,0,0,2
2018-01-27,58,63,61,56,60,58,87,100,30.1,30.25,30.18,1,10,5,4,20,9,0,1,1,4.49,1
2018-01-30,34,58,46,19,32,26,23,76,30.34,30.49,30.41,10,10,10,0,15,7,0,0,0,0,1
2018-01-31,32,65,49,30,51,39,37,92,30.06,30.33,30.2,10,10,10,0,17,8,0,0,0,0,1
2018-02-01,54,72,63,52,61,57,61,93,30.05,30.19,30.09,2,10,9,0,20,8,0,1,0,0.04,2
2018-02-04,46,66,56,46,64,57,67,100,29.87,30.15,29.96,2,10,9,0,22,7,0,1,1,0.12,2
2018-02-07,42,71,57,39,68,55,84,100,30.05,30.38,30.17,1,10,6,6,22,11,0,1,1,1,1
2018-02-16,68,83,76,59,66,64,46,90,30.07,30.19,30.12,6,10,9,5,23,10,0,1,0,1e-16,1
2018-02-22,70,87,79,60,70,67,40,93,30.2,30.29,30.25,2,10,8,4,20,9,0,0,0,1e-16,2
2018-02-28,68,83,76,59,69,66,47,97,29.86,30.04,29.98,3,10,8,0,22,11,0,0,0,0,1
2018-03-02,52,74,63,36,55,44,27,93,30.18,30.31,30.24,10,10,10,5,18,8,0,0,0,0,3
2018-03-03,44,75,60,27,41,36,20,83,30.19,30.31,30.24,9,10,10,0,16,5,0,0,0,0,1
2018-03-02,52,74,63,36,55,44,27,93,30.18,30.31,30.24,10,10,10,5,18,8,0,0,0,0,3
2018-03-03,44,75,60,27,41,36,20,83,30.19,30.31,30.24,9,10,10,0,16,5,0,0,0,0,1
2018-03-04,46,77,62,32,48,39,21,86,30.07,30.22,30.15,9,10,10,0,16,7,0,0,0,0,2
2018-03-09,41,69,55,31,48,38,26,82,29.97,30.16,30.08,10,10,10,0,20,7,0,0,0,0,1
2018-03-10,54,80,67,48,62,57,48,87,29.83,29.96,29.9,6,10,9,0,16,7,0,1,1,0.03,1
2018-03-12,43,63,53,27,53,37,30,86,30.02,30.24,30.16,9,10,10,0,21,9,0,0,0,0,1
2018-03-14,37,67,52,23,40,33,20,92,30.2,30.32,30.25,10,10,10,0,13,3,0,0,0,0,1
2018-03-15,37,71,54,28,48,38,24,92,30.02,30.2,30.12,10,10,10,0,17,7,0,0,0,0,1
2018-03-16,58,74,66,47,67,61,60,93,29.91,30.01,29.97,2,10,8,4,18,9,0,1,1,0.27,2
2018-03-17,67,81,74,61,69,66,56,100,29.9,30.02,29.96,2,10,7,0,17,7,0,1,0,1e-16,1
2018-03-19,65,85,75,46,70,66,44,93,29.6,29.83,29.7,2,10,6,4,20,10,0,1,0,1e-16,1
2018-03-22,41,74,58,31,48,38,22,89,30.26,30.4,30.32,10,10,10,0,12,4,0,0,0,0,1
2018-03-25,66,84,75,58,66,64,43,100,29.94,30.03,29.98,4,10,8,0,17,8,0,0,0,0,1
2018-03-26,62,84,73,57,68,63,43,100,30.0,30.12,30.06,0,10,6,0,23,11,1,0,0,0,2
2018-03-28,69,85,77,65,70,67,58,90,29.87,30.04,29.96,5,10,8,5,26,11,0,0,0,1e-16,3
2018-03-31,48,77,63,44,54,48,33,86,30.12,30.27,30.2,10,10,10,0,16,6,0,0,0,0,3
2018-04-01,50,78,64,49,59,54,47,100,29.99,30.15,30.08,1,10,7,0,14,6,0,0,0,0,2
2018-04-02,57,83,70,56,67,61,47,100,29.89,30.02,29.96,4,10,9,0,17,7,0,0,0,0,1
2018-04-03,65,85,75,62,69,67,48,90,29.84,29.95,29.9,6,10,9,0,25,13,0,0,1,0.28,1
2018-04-06,56,78,67,51,67,62,64,93,29.76,30.05,29.9,9,10,10,4,23,11,0,1,0,1e-16,1
2018-04-08,42,57,50,39,51,45,71,93,29.87,30.0,29.94,3,10,9,0,14,6,0,1,0,1e-16,1
2018-04-09,54,71,63,47,56,53,57,100,29.9,30.11,29.97,2,10,7,0,14,5,0,0,0,0,1
2018-04-10,52,75,64,42,46,44,33,66,30.12,30.22,30.16,10,10,10,5,17,8,0,0,0,1e-16,1
2018-04-11,44,77,61,39,50,44,29,92,30.12,30.27,30.2,8,10,10,0,13,5,0,0,0,0,1
2018-04-12,49,81,65,47,60,53,36,93,29.99,30.12,30.06,5,10,9,0,18,9,0,0,0,1e-16,1
2018-04-13,64,82,73,60,70,65,58,93,29.83,29.97,29.89,9,10,10,6,24,13,0,1,0,1e-16,1
2018-04-14,51,75,63,46,71,61,77,97,29.75,29.99,29.84,0,10,5,0,31,9,1,1,1,2.04,1
2018-04-16,42,71,57,34,47,39,26,89,30.14,30.28,30.21,10,10,10,0,15,5,0,0,0,0,1
2018-04-17,47,80,64,42,56,49,26,93,30.01,30.15,30.09,10,10,10,0,22,9,0,0,0,0,1
2018-04-23,52,72,62,49,55,52,53,96,29.94,30.04,29.99,10,10,10,0,17,6,0,0,0,0,1
2018-04-24,54,79,67,52,58,55,40,93,29.97,30.06,30.01,5,10,10,0,20,6,0,0,0,0,1
2018-04-28,52,82,67,45,59,52,28,93,30.01,30.09,30.04,7,10,9,0,14,3,0,0,0,0,2
2018-04-29,57,85,71,47,61,55,29,93,30.08,30.19,30.13,3,10,9,0,12,4,0,0,0,0,3
2018-05-01,56,87,72,54,68,60,40,93,30.07,30.15,30.11,7,10,9,0,20,10,0,0,0,1e-16,2
2018-05-01,56,87,72,54,68,60,40,93,30.07,30.15,30.11,7,10,9,0,20,10,0,0,0,1e-16,2
2018-05-02,69,90,80,59,69,66,38,97,30.09,30.2,30.13,4,10,9,5,18,9,0,0,0,0,1
2018-05-03,66,87,77,56,68,64,44,93,30.08,30.16,30.12,3,10,9,4,17,8,0,0,0,0,1
2018-05-04,66,85,76,61,68,65,47,97,30.06,30.13,30.1,3,10,8,0,12,5,0,0,0,0,1
2018-05-05,62,76,69,62,69,66,69,97,30.02,30.1,30.06,0,10,8,0,13,4,1,1,0,0.26,3
2018-05-07,60,90,75,51,63,58,29,90,30.04,30.14,30.08,7,10,10,0,15,3,0,0,0,0,2
2018-05-08,64,91,78,53,63,59,29,93,30.01,30.12,30.06,8,10,10,0,12,3,0,0,0,0,1
2018-05-13,68,92,80,61,72,67,38,97,29.98,30.11,30.05,2,10,7,0,12,4,0,0,0,0,1
2018-05-15,71,96,84,62,70,67,36,90,29.84,29.95,29.9,6,10,8,0,14,5,0,0,0,0,1
2018-05-16,72,93,83,61,70,66,33,87,29.81,29.91,29.86,5,10,8,0,15,5,0,0,0,0,3
2018-05-17,72,93,83,60,69,65,36,90,29.78,29.89,29.84,7,10,10,0,20,8,0,0,0,0,1
2018-05-18,69,91,80,63,74,69,47,100,29.82,29.9,29.86,0,10,7,0,29,4,0,1,1,0.92,2
2018-05-19,68,91,80,64,74,69,41,97,29.89,30.03,29.96,2,10,7,0,21,5,0,1,1,1e-16,1
2018-05-22,71,93,82,63,73,69,38,93,29.91,30.05,29.99,5,10,8,0,16,4,0,1,1,0.02,1
2018-05-23,70,93,82,64,73,69,41,97,29.96,30.08,30.02,3,10,9,0,16,3,0,1,1,1e-16,1
2018-05-24,71,90,81,66,71,70,47,93,29.99,30.1,30.06,2,10,8,0,28,6,0,1,1,0.75,1
2018-05-25,70,91,81,65,73,70,44,97,29.9,30.03,29.96,3,10,9,0,24,3,0,1,1,0.33,1
2018-05-27,69,90,80,67,72,69,50,97,29.78,29.88,29.83,2,10,9,0,17,5,0,0,0,0,1
2018-05-28,69,91,80,69,75,71,52,94,29.71,29.81,29.76,0,10,9,0,16,5,0,1,0,0.36,2
2018-05-30,77,92,85,70,75,73,49,91,29.79,29.89,29.84,10,10,10,4,15,9,0,0,0,0,1
2018-05-31,74,93,84,68,75,72,47,94,29.87,29.97,29.91,8,10,10,4,16,8,0,0,0,0,1
2018-06-01,75,93,84,71,76,74,49,94,29.88,29.99,29.94,5,10,9,0,18,9,0,0,0,0,1
2018-06-02,76,94,85,70,76,74,46,100,29.87,29.96,29.92,6,10,9,4,18,9,0,0,0,0,1
2018-06-04,75,93,84,68,75,71,52,87,29.89,30.03,29.97,7,10,10,0,17,5,0,0,1,0,1
2018-06-06,66,89,78,65,72,67,46,100,29.87,29.95,29.9,0,10,7,0,10,2,1,0,0,0,3
2018-06-08,72,92,82,63,73,68,43,93,30.01,30.1,30.06,6,10,9,0,18,5,0,0,1,0,1
2018-06-10,73,87,80,67,74,71,63,93,29.93,30.04,30.0,2,10,9,0,25,7,0,1,1,0.06,1
2018-06-11,74,92,83,68,75,71,56,94,29.9,29.97,29.94,9,10,10,0,21,7,0,0,1,0,2
2018-06-12,70,94,82,67,75,71,44,94,29.94,30.08,30.0,2,10,8,0,24,5,0,1,1,1.9,1
2018-06-13,70,92,81,69,75,71,52,100,30.0,30.11,30.05,8,10,10,0,28,4,0,0,1,0,2
2018-06-21,75,87,81,74,76,75,65,94,29.89,29.95,29.92,4,10,7,0,17,7,0,0,0,0,1
2018-06-23,78,93,86,72,77,75,56,91,29.85,29.97,29.91,7,10,10,7,16,10,0,0,0,0,1
2018-07-03,74,87,81,73,76,74,70,100,29.92,30.02,29.96,1,9,5,0,21,5,0,1,1,0.64,1
2018-07-04,74,93,84,71,76,74,52,100,30.01,30.1,30.06,5,10,8,0,13,6,0,0,0,0,1
2018-07-05,74,92,83,71,77,74,56,94,30.08,30.16,30.12,1,10,7,0,22,5,0,1,1,0.46,2
2018-07-09,72,87,80,72,76,73,65,100,30.14,30.21,30.17,5,10,9,0,23,4,0,1,1,0.02,1
2018-07-13,75,96,86,68,76,74,42,94,30.02,30.12,30.06,4,10,7,0,14,3,0,0,0,0,2
2018-07-16,78,93,86,73,77,75,52,97,29.97,30.07,30.02,4,10,7,0,15,7,0,0,0,0,1
2018-07-25,72,95,84,63,70,68,36,84,29.9,30.0,29.96,6,10,8,0,12,5,0,0,0,0,1
2018-07-28,75,97,86,70,76,73,43,100,29.95,30.06,30.02,1,10,5,0,26,4,0,1,1,0.36,1
2018-07-31,72,90,81,68,77,73,55,94,29.93,29.99,29.97,2,10,7,0,17,5,0,1,1,0.04,1
2018-08-01,70,91,81,67,73,70,47,100,29.9,29.99,29.96,0,10,7,0,18,4,1,0,1,0,1
2018-08-03,71,91,81,69,74,72,55,100,29.99,30.07,30.03,5,10,9,0,15,6,0,0,0,0,1
2018-08-05,72,93,83,71,76,73,56,100,30.11,30.18,30.14,5,10,9,0,18,6,0,0,1,0,1
2018-08-07,73,94,84,71,77,74,56,100,30.0,30.12,30.05,2,10,9,0,18,4,0,1,1,0.06,2
2018-08-10,74,89,82,71,77,74,70,94,30.0,30.07,30.03,2,10,9,0,18,3,0,1,1,0.05,1
2018-08-12,73,93,83,70,77,74,49,100,30.01,30.11,30.06,2,9,6,0,28,3,0,1,1,0.4,2
2018-08-18,76,94,85,72,77,76,56,100,29.95,30.07,30.01,6,10,9,0,29,6,0,0,1,0,1
2018-08-23,70,92,81,65,73,68,41,90,29.97,30.1,30.04,5,8,7,0,10,4,0,0,0,0,1
2018-09-01,75,87,81,73,77,75,70,94,29.93,29.99,29.96,1,10,8,4,16,7,0,1,1,0.16,2
2018-09-05,71,88,80,69,75,72,57,100,29.94,30.03,29.98,10,10,10,0,12,4,0,0,0,0,1
2018-09-11,73,88,81,72,76,73,70,100,29.94,30.03,29.98,2,10,8,0,22,5,0,1,1,0.45,1
2018-09-13,75,93,84,71,75,74,56,94,29.96,30.03,30.0,10,10,10,0,21,4,0,0,0,0,1
2018-09-14,73,95,84,70,75,72,43,100,29.91,30.02,29.97,8,10,10,0,13,3,0,0,1,0,1
2018-09-15,74,96,85,72,76,73,46,100,29.86,29.98,29.93,10,10,10,0,15,3,0,0,1,0,2
2018-09-17,74,96,85,70,77,74,43,94,29.88,29.96,29.91,5,10,9,0,12,2,0,0,0,0,1
2018-09-19,75,97,86,71,78,74,46,100,29.88,29.99,29.94,4,10,8,0,26,2,0,0,1,0,2
2018-09-22,73,91,82,71,77,73,56,100,29.92,30.01,29.97,7,10,10,0,24,6,0,0,1,0,1
2018-09-25,73,87,80,72,76,75,63,100,29.95,30.04,30.01,8,10,10,0,13,4,0,1,1,0.02,1
2018-09-27,71,84,78,70,75,73,70,100,29.93,30.02,29.97,2,10,8,0,12,5,0,1,1,0.34,1
2018-10-02,72,92,82,71,75,73,56,100,30.06,30.17,30.11,6,10,9,0,9,3,0,0,0,0,1
2018-10-06,72,88,80,71,77,74,68,100,29.98,30.04,30.01,6,10,9,0,16,6,0,1,1,0.01,1
2018-10-07,72,90,81,65,76,72,44,100,29.96,30.06,30.01,0,10,7,0,18,8,1,0,0,1e-16,1
2018-10-10,68,88,78,66,74,71,55,100,29.72,29.87,29.78,7,10,9,0,16,6,0,0,0,0,1
2018-10-17,64,69,67,64,66,65,84,100,30.11,30.24,30.17,1,10,6,5,14,8,0,1,0,0.29,1
2018-10-22,47,74,61,42,60,51,52,87,30.11,30.21,30.16,10,10,10,0,8,4,0,0,0,1e-16,1
2018-10-23,61,70,66,58,65,61,78,97,30.09,30.16,30.12,9,10,10,0,12,7,0,1,0,0.01,1
2018-10-25,61,77,69,60,73,65,87,100,29.73,29.95,29.83,2,10,6,5,17,8,0,1,1,0.73,1
2018-10-26,54,68,61,51,59,55,58,93,29.84,29.97,29.88,9,10,10,0,18,6,0,0,0,0,1
2018-10-28,55,83,69,54,64,61,51,100,30.08,30.18,30.12,7,10,10,0,14,6,0,0,0,0,1
2018-11-01,55,76,66,48,72,63,72,100,29.7,29.95,29.79,0,10,7,0,36,10,1,1,1,1.55,1
2018-11-03,47,75,61,44,55,49,35,100,30.05,30.14,30.09,7,10,10,0,14,6,0,0,0,0,1
2018-11-04,58,67,63,59,64,62,87,100,30.01,30.06,30.03,0,10,6,0,14,7,1,1,0,0.64,1
2018-11-07,70,80,75,70,76,72,91,100,29.9,29.98,29.95,1,10,4,0,16,5,0,1,1,1.4,2
2018-11-08,64,72,68,62,71,66,87,100,29.94,30.05,29.99,0,10,5,0,12,6,1,1,0,0.01,1
2018-11-15,30,54,42,27,38,32,38,92,30.22,30.35,30.28,5,10,9,0,12,3,0,0,0,0,1
